Property_ID,Location,BHK,Bathrooms,Furnishing_Status,Super_Builtup_Area,Carpet_Area,Property_Type,Age_of_Property,Floor,Total_Floors,Parking,Power_Backup,Gated_Security,Nearby_Metro,Nearby_School,Nearby_Hospital,Price_in_Lakhs
PROP0001,Sector 45,2,2,Unfurnished,3389,2840,Studio,6,0,8,1,Yes,Yes,0.24,1.24,2.54,355
PROP0002,Sector 56,1,1,Unfurnished,1604,1346,Apartment,7,1,5,2,No,Yes,1.16,1.08,0.86,160
PROP0003,Palam Vihar,1,1,Fully-Furnished,803,562,Apartment,9,9,13,1,No,Yes,3.96,0.63,3.71,73
PROP0004,Sector 57,1,1,Semi-Furnished,1488,1250,Independent House,4,1,5,1,Yes,Yes,1.04,0.95,0.77,141
PROP0005,Sector 45,3,3,Semi-Furnished,2197,1616,Independent House,14,0,1,1,Yes,Yes,0.58,2.35,1.45,230
PROP0006,DLF Phase 3,1,1,Fully-Furnished,2180,1585,Builder Floor,13,5,6,1,No,Yes,3.28,1.24,2.83,283
PROP0007,DLF Phase 3,3,3,Unfurnished,3413,2475,Apartment,16,0,8,1,Yes,Yes,3.55,2.32,3.51,443
PROP0008,South City 2,2,2,Fully-Furnished,1519,1110,Villa,18,8,11,1,Yes,No,0.79,2.03,3.06,174
PROP0009,Golf Course Road,1,1,Fully-Furnished,1676,1242,Studio,3,12,15,1,Yes,No,1.63,1.05,2.49,268
PROP0010,South City 2,1,1,Fully-Furnished,3131,2778,Apartment,12,0,1,1,Yes,Yes,2.02,2.03,2.42,360
PROP0011,Palam Vihar,1,1,Semi-Furnished,2609,1945,Studio,20,2,15,2,No,Yes,2.87,2.16,1.42,240
PROP0012,MG Road,1,1,Fully-Furnished,1300,1101,Villa,12,11,16,1,Yes,Yes,3.43,2.57,3.33,188
PROP0013,New Gurgaon,3,3,Semi-Furnished,3256,2876,Independent House,11,17,24,1,Yes,Yes,1.71,2.61,0.52,276
PROP0014,MG Road,1,1,Fully-Furnished,1869,1601,Builder Floor,5,11,16,1,Yes,Yes,4.54,2.66,3.37,271
PROP0015,Palam Vihar,1,1,Semi-Furnished,2776,2210,Studio,19,1,8,2,Yes,No,4.14,2.8,1.81,255
PROP0016,Sushant Lok,5,4,Semi-Furnished,1006,727,Builder Floor,8,2,19,1,No,Yes,2.49,2.55,1.22,110
PROP0017,Sector 56,5,4,Semi-Furnished,2514,2216,Studio,13,7,17,2,Yes,Yes,4.94,2.51,2.47,251
PROP0018,Sector 56,5,4,Semi-Furnished,1559,1217,Independent House,5,3,8,1,No,Yes,2.9,2.72,2.49,155
PROP0019,Sector 45,1,1,Fully-Furnished,2132,1820,Builder Floor,2,1,8,2,Yes,Yes,2.91,2.3,3.27,223
PROP0020,Sushant Lok,5,4,Fully-Furnished,2485,1881,Independent House,15,8,9,1,No,Yes,3.2,0.78,3.04,273
PROP0021,South City 2,4,3,Semi-Furnished,1983,1749,Independent House,5,19,22,0,No,Yes,1.62,2.35,2.41,228
PROP0022,New Gurgaon,3,3,Semi-Furnished,2820,2024,Villa,16,6,16,2,Yes,Yes,1.73,2.68,3.24,239
PROP0023,Sector 45,4,3,Unfurnished,1288,946,Apartment,0,9,24,1,No,Yes,1.04,2.11,2.38,135
PROP0024,MG Road,3,3,Fully-Furnished,1404,1070,Independent House,2,1,2,2,No,Yes,3.88,1.25,1.26,203
PROP0025,New Gurgaon,4,3,Unfurnished,2850,2381,Builder Floor,6,12,24,0,Yes,No,4.13,1.52,1.15,242
PROP0026,South City 2,4,3,Semi-Furnished,2049,1593,Independent House,0,0,4,0,Yes,Yes,4.21,1.99,2.11,235
PROP0027,Sector 56,1,1,Semi-Furnished,2726,2226,Independent House,19,0,8,1,Yes,Yes,4.04,1.19,0.54,272
PROP0028,South City 1,4,3,Fully-Furnished,3311,2720,Builder Floor,16,4,11,1,No,Yes,4.79,1.11,3.12,413
PROP0029,Sector 57,4,3,Fully-Furnished,1575,1278,Villa,18,10,20,0,No,Yes,4.85,2.88,1.14,149
PROP0030,Sector 67,1,1,Fully-Furnished,2937,2583,Studio,20,1,5,1,No,Yes,2.29,2.19,3.85,287
PROP0031,DLF Phase 1,1,1,Semi-Furnished,2634,2063,Studio,10,1,7,2,Yes,Yes,4.45,1.33,1.86,316
PROP0032,Sector 45,5,4,Semi-Furnished,1617,1162,Independent House,19,2,8,2,Yes,Yes,0.51,2.59,3.63,169
PROP0033,Sector 56,1,1,Unfurnished,3036,2204,Villa,11,5,9,1,Yes,Yes,4.71,2.04,2.46,303
PROP0034,Sohna Road,1,1,Fully-Furnished,2556,2253,Studio,6,6,9,1,Yes,Yes,4.09,2.31,3.08,230
PROP0035,Sohna Road,5,4,Semi-Furnished,2267,1962,Studio,9,5,17,1,No,Yes,4.49,2.82,2.11,204
PROP0036,South City 1,1,1,Fully-Furnished,3301,2832,Independent House,12,21,24,1,Yes,Yes,2.93,1.95,1.65,412
PROP0037,Sushant Lok,4,3,Semi-Furnished,3460,2537,Independent House,17,1,10,1,No,Yes,4.74,2.13,3.87,380
PROP0038,Sushant Lok,3,3,Unfurnished,2174,1582,Builder Floor,12,1,4,1,Yes,Yes,4.02,1.42,3.82,239
PROP0039,South City 2,4,3,Semi-Furnished,2406,1930,Villa,8,5,8,1,Yes,Yes,0.75,1.84,2.08,276
PROP0040,Sohna Road,4,3,Fully-Furnished,602,534,Apartment,6,11,14,1,Yes,Yes,2.52,1.95,2.02,54
PROP0041,Golf Course Road,1,1,Fully-Furnished,1119,868,Builder Floor,10,0,1,1,No,Yes,4.39,1.63,1.05,179
PROP0042,DLF Phase 1,5,4,Fully-Furnished,3153,2637,Villa,11,2,5,1,Yes,Yes,3.7,0.62,2.97,378
PROP0043,DLF Phase 2,3,3,Semi-Furnished,754,634,Builder Floor,2,8,19,2,No,Yes,1.57,1.27,2.47,105
PROP0044,Sector 56,3,3,Fully-Furnished,3490,2977,Builder Floor,16,2,10,1,Yes,Yes,1.78,1.63,0.91,349
PROP0045,South City 1,1,1,Unfurnished,3034,2244,Studio,2,12,17,1,No,Yes,4.08,1.93,1.51,379
PROP0046,Sector 56,5,4,Fully-Furnished,1400,1033,Builder Floor,17,15,25,2,Yes,Yes,1.05,2.59,2.96,140
PROP0047,South City 2,3,3,Fully-Furnished,3082,2412,Independent House,11,4,6,1,Yes,Yes,0.86,1.88,0.52,354
PROP0048,Golf Course Road,5,4,Semi-Furnished,882,751,Independent House,15,19,20,0,Yes,Yes,1.08,2.22,0.79,141
PROP0049,New Gurgaon,3,3,Unfurnished,2979,2577,Independent House,16,3,4,1,Yes,Yes,2.1,0.73,1.45,253
PROP0050,Sohna Road,3,3,Fully-Furnished,3102,2441,Apartment,14,6,7,2,Yes,Yes,4.18,0.63,3.25,279
PROP0051,Sector 56,5,4,Semi-Furnished,1190,1029,Builder Floor,13,2,6,1,Yes,Yes,4.13,0.98,0.94,119
PROP0052,Palam Vihar,2,2,Semi-Furnished,2749,2088,Studio,18,6,16,1,No,Yes,1.94,2.42,1.12,252
PROP0053,MG Road,5,4,Unfurnished,3456,2627,Builder Floor,1,11,23,1,Yes,No,1.91,2.69,1.03,501
PROP0054,New Gurgaon,3,3,Unfurnished,3115,2646,Apartment,16,12,22,1,Yes,Yes,2.54,2.96,0.84,264
PROP0055,Sushant Lok,3,3,Semi-Furnished,3136,2482,Builder Floor,10,0,1,2,Yes,Yes,0.31,0.66,2.51,344
PROP0056,DLF Phase 3,1,1,Unfurnished,3218,2803,Builder Floor,8,0,24,2,No,Yes,0.66,0.74,3.21,418
PROP0057,Sector 56,3,3,Semi-Furnished,3057,2639,Villa,14,8,20,1,No,Yes,4.56,2.05,1.85,305
PROP0058,Sector 57,4,3,Semi-Furnished,1144,974,Builder Floor,12,23,24,1,Yes,Yes,3.49,1.68,3.82,108
PROP0059,Sushant Lok,4,3,Fully-Furnished,1523,1157,Studio,10,10,14,1,Yes,Yes,1.96,2.4,1.09,167
PROP0060,DLF Phase 1,1,1,Semi-Furnished,1920,1467,Independent House,16,1,4,1,No,Yes,3.74,1.67,2.32,230
PROP0061,South City 2,4,3,Semi-Furnished,687,539,Villa,6,11,19,2,No,Yes,0.75,1.9,4,79
PROP0062,Golf Course Road,2,2,Semi-Furnished,2791,2186,Independent House,8,9,13,1,No,Yes,3.97,1.5,2.94,446
PROP0063,DLF Phase 1,3,3,Fully-Furnished,1973,1763,Independent House,11,3,8,2,Yes,Yes,2.09,1.56,1.64,236
PROP0064,Palam Vihar,3,3,Unfurnished,2149,1806,Builder Floor,18,5,6,1,Yes,Yes,1.51,1.95,0.93,197
PROP0065,Sector 56,1,1,Fully-Furnished,1639,1259,Builder Floor,4,0,3,2,Yes,Yes,0.22,2.57,3.75,163
PROP0066,Palam Vihar,4,3,Semi-Furnished,2440,1814,Studio,12,1,2,2,Yes,Yes,4.76,2.16,2.11,224
PROP0067,Sushant Lok,1,1,Unfurnished,2456,1986,Independent House,17,3,12,1,No,Yes,0.24,2.86,3.6,270
PROP0068,Golf Course Road,2,2,Semi-Furnished,1551,1351,Apartment,15,6,7,1,No,Yes,1.69,1.37,1.81,248
PROP0069,DLF Phase 2,1,1,Semi-Furnished,2641,2207,Villa,6,11,19,2,No,Yes,3.78,1.11,2.85,369
PROP0070,South City 1,4,3,Semi-Furnished,3466,3080,Villa,13,4,12,1,No,Yes,4.83,2.02,1.95,433
PROP0071,Sushant Lok,5,4,Semi-Furnished,1005,871,Apartment,1,13,22,1,Yes,Yes,1.94,1.49,1.13,110
PROP0072,MG Road,3,3,Semi-Furnished,2201,1683,Villa,14,14,21,0,Yes,Yes,3.33,0.74,3.41,319
PROP0073,Sector 45,5,4,Fully-Furnished,1655,1173,Villa,10,1,23,1,Yes,Yes,4.89,0.96,2.25,173
PROP0074,Sector 67,4,3,Unfurnished,2772,2217,Studio,0,0,1,1,Yes,Yes,1.91,2.14,1.33,271
PROP0075,DLF Phase 1,2,2,Unfurnished,3489,2604,Studio,13,7,12,1,No,Yes,4.59,1.4,1.03,418
PROP0076,South City 1,1,1,Unfurnished,1786,1323,Apartment,20,3,18,1,Yes,Yes,1.16,2.71,1.62,223
PROP0077,MG Road,2,2,Unfurnished,848,634,Villa,14,1,3,2,Yes,Yes,3.31,2.47,3.28,122
PROP0078,MG Road,5,4,Semi-Furnished,2891,2266,Studio,10,9,11,1,Yes,Yes,2.95,2.65,2.38,419
PROP0079,New Gurgaon,1,1,Semi-Furnished,1118,935,Independent House,13,5,6,1,Yes,Yes,4.5,1.35,3.66,95
PROP0080,MG Road,1,1,Semi-Furnished,3476,2986,Villa,14,10,13,1,Yes,No,4.71,1.45,2.45,504
PROP0081,Golf Course Road,3,3,Semi-Furnished,1963,1432,Studio,12,9,20,1,Yes,Yes,1.83,0.59,1.94,314
PROP0082,Sushant Lok,2,2,Fully-Furnished,1647,1400,Studio,2,6,17,1,Yes,Yes,3.91,0.98,2.32,181
PROP0083,Sushant Lok,3,3,Unfurnished,839,607,Studio,12,1,3,1,Yes,No,4.33,1.09,3.38,92
PROP0084,Sushant Lok,1,1,Unfurnished,1500,1062,Villa,2,13,15,2,Yes,Yes,2.17,1.39,2.1,165
PROP0085,Sohna Road,1,1,Unfurnished,2779,2447,Studio,12,4,11,2,Yes,Yes,3.62,1.55,1.3,250
PROP0086,Sector 67,1,1,Fully-Furnished,854,756,Studio,9,11,16,1,Yes,No,4.91,0.71,1.1,83
PROP0087,Sushant Lok,3,3,Semi-Furnished,2117,1502,Independent House,5,6,9,1,No,Yes,3.98,2.74,3.15,232
PROP0088,DLF Phase 2,3,3,Unfurnished,3188,2310,Apartment,3,1,7,1,Yes,No,0.85,0.53,2.7,446
PROP0089,Sushant Lok,3,3,Fully-Furnished,1953,1620,Independent House,15,14,18,1,No,Yes,0.65,1.61,1.85,214
PROP0090,Sushant Lok,3,3,Fully-Furnished,2540,2185,Apartment,20,0,1,1,Yes,Yes,2.14,1.36,3.47,279
PROP0091,South City 2,2,2,Semi-Furnished,650,550,Apartment,18,2,5,1,Yes,Yes,1.29,1.41,0.68,74
PROP0092,Sector 67,5,4,Fully-Furnished,2469,2021,Independent House,16,2,3,2,Yes,Yes,2.79,0.54,3.02,241
PROP0093,New Gurgaon,1,1,Semi-Furnished,3111,2294,Villa,7,1,3,2,No,No,1.57,2.03,2.14,264
PROP0094,New Gurgaon,1,1,Fully-Furnished,2059,1608,Studio,16,1,14,2,No,Yes,3.58,2.36,1.22,175
PROP0095,Sector 67,2,2,Semi-Furnished,924,806,Apartment,3,8,25,1,Yes,Yes,3.67,2,3.68,90
PROP0096,DLF Phase 2,1,1,Semi-Furnished,2079,1552,Builder Floor,17,0,11,1,Yes,Yes,4.54,1.72,2.74,291
PROP0097,South City 2,1,1,Fully-Furnished,1851,1618,Villa,5,0,13,1,Yes,Yes,1.9,1.55,1.16,212
PROP0098,Sushant Lok,5,4,Semi-Furnished,3281,2625,Independent House,7,3,4,1,Yes,Yes,2.58,0.93,1.68,360
PROP0099,MG Road,2,2,Semi-Furnished,2730,2009,Independent House,3,9,18,0,No,Yes,0.52,0.8,2.26,395
PROP0100,MG Road,4,3,Fully-Furnished,3339,2966,Builder Floor,15,0,23,1,Yes,Yes,3.23,0.86,1.55,484
PROP0101,New Gurgaon,1,1,Unfurnished,2859,2145,Independent House,2,8,15,1,No,No,2.92,1.7,3.29,243
PROP0102,Sector 56,4,3,Unfurnished,2026,1478,Builder Floor,2,11,13,1,Yes,Yes,3.16,1.95,3,202
PROP0103,DLF Phase 3,3,3,Unfurnished,1485,1083,Apartment,10,2,11,1,No,Yes,4.81,1.08,1,193
PROP0104,Sector 67,4,3,Semi-Furnished,896,773,Studio,10,12,14,0,No,Yes,3.89,2.6,2.97,87
PROP0105,Sushant Lok,4,3,Semi-Furnished,1387,1178,Apartment,17,10,17,1,Yes,No,1.96,2.66,1.43,152
PROP0106,Sushant Lok,3,3,Unfurnished,1168,917,Studio,3,0,16,2,Yes,Yes,3.52,2.08,2.81,128
PROP0107,South City 1,2,2,Unfurnished,825,612,Independent House,8,14,21,1,Yes,Yes,3.7,0.83,2.31,103
PROP0108,DLF Phase 3,5,4,Semi-Furnished,1750,1522,Independent House,5,5,6,2,Yes,Yes,4.49,2,2.06,227
PROP0109,MG Road,1,1,Semi-Furnished,2663,2220,Independent House,10,17,20,1,No,Yes,2.95,1.76,2.36,386
PROP0110,Golf Course Road,4,3,Semi-Furnished,3470,2543,Apartment,1,22,23,2,No,Yes,3.78,2.19,0.87,555
PROP0111,Sushant Lok,3,3,Unfurnished,1731,1240,Apartment,6,21,23,1,No,Yes,0.82,2.44,2.97,190
PROP0112,Golf Course Road,1,1,Semi-Furnished,2370,1922,Builder Floor,1,11,25,1,Yes,Yes,1.69,2.42,2.24,379
PROP0113,New Gurgaon,2,2,Semi-Furnished,2761,2079,Independent House,7,6,11,1,Yes,Yes,1.03,2.95,2.99,234
PROP0114,MG Road,3,3,Fully-Furnished,2455,2134,Apartment,10,2,15,2,Yes,Yes,0.75,2.3,3.5,355
PROP0115,Sector 67,4,3,Unfurnished,2705,2276,Apartment,2,2,16,1,Yes,Yes,1.91,2.23,2.67,265
PROP0116,Sector 57,1,1,Fully-Furnished,718,638,Apartment,2,1,11,1,No,Yes,4.15,0.91,2.01,68
PROP0117,Palam Vihar,3,3,Unfurnished,1360,1077,Independent House,0,4,7,1,Yes,Yes,0.32,1.35,3.43,125
PROP0118,Sushant Lok,2,2,Fully-Furnished,2720,2402,Apartment,17,5,12,2,No,Yes,3.93,2.06,2.69,299
PROP0119,MG Road,4,3,Fully-Furnished,2964,2325,Studio,19,6,23,2,No,Yes,4.61,0.75,3.89,429
PROP0120,Sector 56,5,4,Unfurnished,1002,776,Villa,6,0,2,2,Yes,Yes,3.3,0.77,3.71,100
PROP0121,Golf Course Road,5,4,Semi-Furnished,2532,1800,Villa,0,4,7,1,No,Yes,1.43,2.59,3.99,405
PROP0122,Palam Vihar,3,3,Semi-Furnished,1145,886,Independent House,6,4,5,1,Yes,Yes,3.24,1.7,2.82,105
PROP0123,Sector 67,3,3,Unfurnished,2807,2508,Builder Floor,8,1,5,2,No,No,2.42,2.3,1.43,275
PROP0124,Sector 56,2,2,Semi-Furnished,1483,1259,Independent House,20,4,13,1,Yes,No,4.93,2.82,1.67,148
PROP0125,DLF Phase 1,1,1,Semi-Furnished,3184,2644,Villa,14,4,6,1,Yes,No,2.63,2.67,1.95,382
PROP0126,Sohna Road,1,1,Semi-Furnished,2179,1744,Villa,1,0,18,1,No,Yes,1.77,2.59,1.93,196
PROP0127,Golf Course Road,5,4,Unfurnished,2870,2097,Apartment,1,16,18,1,No,Yes,0.72,2.27,3.36,459
PROP0128,Sector 56,1,1,Semi-Furnished,3315,2894,Villa,12,8,19,1,Yes,Yes,1.1,2.23,3.12,331
PROP0129,South City 1,3,3,Semi-Furnished,695,595,Villa,18,0,5,2,Yes,No,4.83,1.41,2.45,86
PROP0130,DLF Phase 2,5,4,Semi-Furnished,1426,1034,Studio,13,16,17,1,Yes,Yes,1.88,0.55,0.82,199
PROP0131,Sushant Lok,1,1,Unfurnished,2962,2109,Studio,15,5,8,1,Yes,Yes,1,2.17,2.99,325
PROP0132,Sohna Road,2,2,Semi-Furnished,1036,831,Builder Floor,2,2,9,1,Yes,Yes,1.62,1.18,2.55,93
PROP0133,Sohna Road,2,2,Semi-Furnished,2456,1847,Villa,19,6,8,2,Yes,Yes,1.55,0.96,2.67,221
PROP0134,Sector 45,3,3,Semi-Furnished,1154,852,Builder Floor,15,9,21,2,No,Yes,3.03,0.91,2.68,121
PROP0135,South City 2,1,1,Unfurnished,2833,2091,Studio,18,1,6,2,No,Yes,4.14,1.1,2.58,325
PROP0136,New Gurgaon,3,3,Fully-Furnished,775,624,Builder Floor,13,5,9,2,Yes,Yes,3.01,1.83,0.93,65
PROP0137,Golf Course Road,5,4,Unfurnished,1263,1010,Independent House,19,3,11,1,Yes,Yes,1.87,0.88,0.79,202
PROP0138,New Gurgaon,2,2,Unfurnished,1930,1735,Independent House,5,8,13,1,Yes,Yes,1.56,1.74,0.65,164
PROP0139,MG Road,1,1,Semi-Furnished,1531,1133,Villa,19,3,13,1,Yes,Yes,3.21,2.86,1.82,221
PROP0140,DLF Phase 1,4,3,Semi-Furnished,1740,1323,Builder Floor,9,20,23,1,No,Yes,0.67,2.1,1.12,208
PROP0141,DLF Phase 3,1,1,Fully-Furnished,1707,1322,Studio,7,3,11,1,No,Yes,4.38,1.87,3.24,221
PROP0142,DLF Phase 3,5,4,Unfurnished,995,860,Villa,3,4,6,2,No,Yes,4.48,1.98,3.15,129
PROP0143,Palam Vihar,2,2,Semi-Furnished,3351,2757,Builder Floor,12,3,7,1,Yes,No,4.36,1.01,1.88,308
PROP0144,New Gurgaon,5,4,Semi-Furnished,900,748,Villa,9,4,19,1,Yes,Yes,4.28,1.01,1.46,76
PROP0145,MG Road,4,3,Unfurnished,1612,1195,Studio,7,7,24,2,No,Yes,4.26,1.49,0.78,233
PROP0146,DLF Phase 2,3,3,Unfurnished,2272,1621,Independent House,12,7,23,2,Yes,Yes,0.51,1.76,1.2,318
PROP0147,Sector 56,2,2,Unfurnished,1903,1620,Villa,16,2,6,1,No,Yes,4.17,1.99,0.66,190
PROP0148,Sector 45,2,2,Fully-Furnished,2816,2375,Independent House,5,5,22,1,Yes,Yes,4.86,2.66,1.72,295
PROP0149,Sector 56,5,4,Semi-Furnished,1879,1556,Studio,17,11,21,2,Yes,Yes,1.63,1,3.54,187
PROP0150,Sushant Lok,2,2,Semi-Furnished,2689,2287,Villa,1,13,20,0,Yes,Yes,3.96,2.2,3.79,295
PROP0151,DLF Phase 1,1,1,Semi-Furnished,3478,2855,Villa,6,11,19,2,No,Yes,3.83,0.51,0.62,417
PROP0152,MG Road,5,4,Unfurnished,1718,1320,Builder Floor,6,6,9,2,Yes,Yes,2.26,2.22,3.31,249
PROP0153,DLF Phase 2,1,1,Unfurnished,2186,1599,Villa,1,0,21,1,No,Yes,4.37,2.59,2.36,306
PROP0154,New Gurgaon,4,3,Semi-Furnished,1539,1359,Apartment,13,0,5,0,Yes,Yes,1.9,2.42,2.2,130
PROP0155,Sushant Lok,1,1,Fully-Furnished,3455,2616,Studio,19,14,15,2,No,No,4.77,0.56,3.68,380
PROP0156,Golf Course Road,1,1,Semi-Furnished,2602,2087,Studio,5,7,12,1,No,Yes,3.17,2.09,3.16,416
PROP0157,Golf Course Road,2,2,Semi-Furnished,1912,1424,Apartment,14,11,24,1,No,Yes,1.38,1.57,1,305
PROP0158,DLF Phase 2,1,1,Unfurnished,2492,2064,Studio,13,0,19,1,Yes,Yes,4.84,2.88,3.94,348
PROP0159,Sector 67,2,2,Unfurnished,943,687,Independent House,1,10,11,1,No,No,1.87,2.45,2.81,92
PROP0160,DLF Phase 1,4,3,Semi-Furnished,1328,1054,Builder Floor,17,0,8,1,Yes,Yes,1.25,1,3.02,159
PROP0161,MG Road,4,3,Fully-Furnished,1120,944,Independent House,16,19,23,2,Yes,Yes,4.98,2.03,0.99,162
PROP0162,South City 2,1,1,Semi-Furnished,2227,1786,Independent House,8,13,16,1,Yes,No,4.26,2.72,1.92,256
PROP0163,Palam Vihar,4,3,Semi-Furnished,2333,1980,Villa,20,5,7,1,No,No,4,0.6,2.17,214
PROP0164,Golf Course Road,2,2,Fully-Furnished,1738,1416,Builder Floor,14,2,10,1,Yes,No,3.1,2.26,2.75,278
PROP0165,DLF Phase 1,2,2,Fully-Furnished,2055,1640,Independent House,16,1,7,1,Yes,No,1.79,0.7,3.67,246
PROP0166,DLF Phase 2,3,3,Unfurnished,1454,1279,Villa,0,5,23,1,Yes,Yes,2.75,2.25,2.15,203
PROP0167,Sector 57,4,3,Unfurnished,1247,1122,Studio,4,12,18,2,Yes,Yes,0.95,0.86,3.11,118
PROP0168,Golf Course Road,4,3,Fully-Furnished,3010,2273,Apartment,7,9,16,0,Yes,No,0.29,2.06,1.09,481
PROP0169,Sector 57,3,3,Semi-Furnished,1013,711,Independent House,6,13,21,1,Yes,Yes,2.51,1.66,2.89,96
PROP0170,DLF Phase 2,2,2,Semi-Furnished,3366,3019,Builder Floor,2,5,9,1,No,No,1.63,2.43,2.01,471
PROP0171,South City 1,1,1,Unfurnished,2294,2035,Builder Floor,8,0,1,2,Yes,No,1.07,2.34,2.06,286
PROP0172,Palam Vihar,3,3,Semi-Furnished,3300,2842,Builder Floor,12,1,10,1,No,Yes,0.92,0.51,2.54,303
PROP0173,Sohna Road,4,3,Semi-Furnished,3202,2454,Apartment,11,3,16,1,Yes,Yes,1.47,1.61,3.48,288
PROP0174,Sector 56,2,2,Fully-Furnished,894,752,Independent House,20,2,12,2,Yes,No,4.81,2.57,2.65,89
PROP0175,South City 2,1,1,Unfurnished,2222,1987,Villa,19,4,6,2,Yes,Yes,4.12,1.99,2.55,255
PROP0176,South City 2,3,3,Fully-Furnished,1747,1271,Builder Floor,6,14,24,1,No,No,2.68,1.56,2.98,200
PROP0177,Sector 56,2,2,Semi-Furnished,1559,1325,Independent House,6,9,21,1,Yes,Yes,2.23,1.15,2.78,155
PROP0178,South City 2,3,3,Fully-Furnished,1550,1382,Apartment,17,2,5,1,Yes,No,3.05,1.68,0.93,178
PROP0179,Sector 67,5,4,Fully-Furnished,1564,1360,Apartment,13,9,20,1,Yes,Yes,4.29,1.24,2.82,153
PROP0180,South City 1,4,3,Semi-Furnished,1251,911,Studio,11,15,20,2,Yes,Yes,4.15,2.27,1.27,156
PROP0181,Sector 67,3,3,Unfurnished,2182,1894,Independent House,9,11,20,1,Yes,No,3.33,1.56,2.22,213
PROP0182,South City 2,3,3,Semi-Furnished,1380,989,Apartment,9,1,2,2,Yes,Yes,4.04,0.95,2.13,158
PROP0183,DLF Phase 2,1,1,Fully-Furnished,2998,2313,Independent House,8,0,3,1,No,No,3.29,0.53,1.63,419
PROP0184,Sector 67,2,2,Semi-Furnished,1430,1080,Independent House,2,0,2,2,Yes,Yes,3.07,0.66,3.79,140
PROP0185,South City 2,3,3,Semi-Furnished,2154,1663,Studio,9,0,4,0,No,Yes,4.98,1.1,2.12,247
PROP0186,DLF Phase 1,1,1,Semi-Furnished,3119,2547,Independent House,8,2,3,2,Yes,Yes,4.46,2.01,1.61,374
PROP0187,DLF Phase 3,1,1,Fully-Furnished,2535,2240,Builder Floor,16,3,14,2,Yes,Yes,2.35,0.66,2.87,329
PROP0188,Sector 45,2,2,Unfurnished,2793,2499,Studio,6,19,22,0,No,Yes,4.45,2.22,3.17,293
PROP0189,Sohna Road,5,4,Fully-Furnished,2579,1957,Independent House,5,7,10,2,Yes,Yes,4.33,1.29,2.92,232
PROP0190,MG Road,1,1,Fully-Furnished,2202,1799,Villa,8,1,2,1,Yes,Yes,4.8,1.67,2.29,319
PROP0191,South City 2,5,4,Unfurnished,1272,1019,Studio,3,2,4,0,Yes,Yes,3.29,1.17,3.14,146
PROP0192,DLF Phase 3,4,3,Semi-Furnished,1855,1596,Builder Floor,19,3,10,1,Yes,Yes,4.86,2.29,1.5,241
PROP0193,DLF Phase 1,4,3,Semi-Furnished,1313,1119,Studio,14,0,2,1,Yes,Yes,3.84,2.72,3.34,157
PROP0194,Sector 56,5,4,Unfurnished,3211,2854,Apartment,13,17,21,1,No,Yes,3.8,2.97,0.74,321
PROP0195,Golf Course Road,1,1,Semi-Furnished,2716,1914,Independent House,9,0,3,1,Yes,Yes,4.29,1.84,3.46,434
PROP0196,South City 1,5,4,Fully-Furnished,2662,2181,Independent House,7,5,9,2,No,Yes,2.73,0.75,0.52,332
PROP0197,Sector 56,5,4,Semi-Furnished,1452,1127,Studio,8,8,20,1,Yes,No,3.65,2.19,2.53,145
PROP0198,Sector 45,3,3,Semi-Furnished,2665,2239,Apartment,6,2,8,1,No,Yes,3.98,2.01,1.54,279
PROP0199,New Gurgaon,3,3,Unfurnished,2566,2062,Villa,8,2,22,0,Yes,Yes,4.18,2.78,2.19,218
PROP0200,MG Road,5,4,Semi-Furnished,3348,2768,Apartment,9,4,13,1,No,Yes,1.62,1.87,4,485
PROP0201,Sector 67,3,3,Semi-Furnished,2015,1651,Apartment,8,0,19,1,Yes,No,4.7,1.15,2.19,197
PROP0202,Sector 56,5,4,Semi-Furnished,2701,2195,Apartment,13,4,9,1,No,Yes,1.33,1.39,2.87,270
PROP0203,Golf Course Road,2,2,Semi-Furnished,1514,1245,Apartment,16,3,7,1,Yes,Yes,0.59,1.09,2.4,242
PROP0204,Palam Vihar,2,2,Semi-Furnished,1285,986,Studio,1,0,4,1,No,Yes,0.67,2.96,2.29,118
PROP0205,Sector 57,1,1,Fully-Furnished,952,824,Independent House,8,8,13,1,No,Yes,1.85,0.52,3.28,90
PROP0206,DLF Phase 2,4,3,Unfurnished,3273,2755,Builder Floor,1,16,17,0,Yes,Yes,0.51,1.24,2.46,458
PROP0207,MG Road,4,3,Semi-Furnished,2273,1780,Villa,6,17,19,1,Yes,Yes,0.89,2.69,0.96,329
PROP0208,South City 2,4,3,Fully-Furnished,3016,2640,Villa,2,2,20,1,Yes,Yes,3.07,0.76,0.79,346
PROP0209,Sohna Road,3,3,Fully-Furnished,1681,1396,Builder Floor,6,7,20,1,No,No,4.61,2.68,2.05,151
PROP0210,MG Road,1,1,Fully-Furnished,2199,1642,Studio,13,12,14,2,No,No,1.06,2.95,2.71,318
PROP0211,MG Road,5,4,Semi-Furnished,1650,1334,Independent House,13,12,19,1,No,Yes,3.5,1.11,0.55,239
PROP0212,Sector 56,5,4,Unfurnished,688,508,Studio,14,9,17,1,No,Yes,1.21,1.69,3.77,68
PROP0213,DLF Phase 1,2,2,Semi-Furnished,2939,2107,Villa,20,9,24,1,Yes,No,1.97,2.22,0.85,352
PROP0214,Sector 57,1,1,Semi-Furnished,2595,2092,Villa,0,1,3,1,Yes,Yes,0.24,1.68,3.43,246
PROP0215,South City 2,4,3,Semi-Furnished,2208,1600,Villa,10,0,1,1,Yes,Yes,4.62,2.12,3.82,253
PROP0216,South City 2,2,2,Semi-Furnished,2237,1951,Independent House,14,2,8,2,No,Yes,0.95,2.88,2.93,257
PROP0217,Palam Vihar,2,2,Semi-Furnished,3048,2637,Apartment,19,0,18,1,Yes,Yes,1.4,0.76,3.61,280
PROP0218,DLF Phase 1,4,3,Unfurnished,1685,1256,Studio,3,3,4,0,No,Yes,0.88,1.8,2.22,202
PROP0219,DLF Phase 2,1,1,Unfurnished,3187,2232,Studio,19,6,7,1,Yes,Yes,4.6,1.79,3.47,446
PROP0220,Sector 67,5,4,Semi-Furnished,2773,2241,Villa,19,6,17,1,Yes,Yes,2.64,2.4,3.78,271
PROP0221,New Gurgaon,1,1,Semi-Furnished,2217,1742,Studio,11,7,25,2,No,Yes,2.56,1.21,2.69,188
PROP0222,Sushant Lok,5,4,Fully-Furnished,3366,2865,Independent House,0,0,18,1,Yes,Yes,4.51,2.8,2.08,370
PROP0223,Palam Vihar,5,4,Semi-Furnished,2126,1709,Villa,11,9,24,1,Yes,Yes,1.16,2.89,3.98,195
PROP0224,Golf Course Road,2,2,Semi-Furnished,962,797,Apartment,19,0,1,1,No,Yes,2.09,2.89,2.39,153
PROP0225,Palam Vihar,3,3,Semi-Furnished,3395,2605,Villa,7,0,2,1,Yes,Yes,4.3,1.46,3.84,312
PROP0226,Golf Course Road,4,3,Unfurnished,898,758,Studio,6,21,23,2,Yes,Yes,1.17,2.16,3.71,143
PROP0227,DLF Phase 3,5,4,Semi-Furnished,1023,822,Independent House,5,0,22,1,No,No,4.24,2.97,3.17,132
PROP0228,DLF Phase 3,5,4,Fully-Furnished,2275,1683,Villa,14,7,14,1,Yes,Yes,4.74,2.15,3.26,295
PROP0229,South City 1,3,3,Semi-Furnished,702,589,Independent House,0,3,11,1,Yes,Yes,2.25,1.87,0.64,87
PROP0230,DLF Phase 1,1,1,Unfurnished,2223,1591,Apartment,1,2,23,1,No,Yes,3.84,2.84,1.35,266
PROP0231,Sohna Road,2,2,Semi-Furnished,3416,2498,Independent House,3,4,11,1,Yes,Yes,0.92,1.04,2.58,307
PROP0232,Sohna Road,5,4,Semi-Furnished,705,620,Builder Floor,10,2,10,1,Yes,No,3.71,1.37,1.87,63
PROP0233,New Gurgaon,1,1,Semi-Furnished,1190,880,Builder Floor,0,5,6,1,No,Yes,2.98,1.78,3.53,101
PROP0234,Sohna Road,1,1,Semi-Furnished,2698,2143,Independent House,20,0,1,1,Yes,Yes,4.68,2.46,0.95,242
PROP0235,South City 2,3,3,Semi-Furnished,1339,1199,Apartment,3,0,3,2,Yes,Yes,0.73,1.31,3.07,153
PROP0236,Golf Course Road,3,3,Semi-Furnished,2580,2265,Builder Floor,1,6,22,2,No,Yes,0.97,2.47,1.46,412
PROP0237,Palam Vihar,2,2,Fully-Furnished,2051,1515,Studio,11,0,18,2,Yes,Yes,2.06,1.25,1.92,188
PROP0238,Sushant Lok,5,4,Semi-Furnished,2703,2390,Villa,2,8,14,1,Yes,Yes,2.66,2.95,2.81,297
PROP0239,Sector 56,3,3,Fully-Furnished,3292,2928,Apartment,0,17,22,2,Yes,Yes,3.55,0.99,2.2,329
PROP0240,New Gurgaon,1,1,Fully-Furnished,3165,2686,Studio,0,0,2,1,No,No,3.39,1.85,3.71,269
PROP0241,Sector 57,5,4,Fully-Furnished,1297,951,Studio,16,12,23,1,Yes,Yes,3.73,0.96,2.47,123
PROP0242,MG Road,1,1,Fully-Furnished,2267,1767,Independent House,15,0,12,1,Yes,Yes,3.77,0.82,1.02,328
PROP0243,DLF Phase 3,2,2,Unfurnished,2118,1808,Builder Floor,16,4,15,0,Yes,Yes,1.8,2.92,0.88,275
PROP0244,Golf Course Road,1,1,Semi-Furnished,2157,1717,Independent House,7,11,15,1,Yes,Yes,2.28,2.32,3.72,345
PROP0245,Sector 57,1,1,Unfurnished,3291,2441,Studio,5,3,5,0,Yes,No,1.28,0.78,1.44,312
PROP0246,MG Road,3,3,Semi-Furnished,3094,2189,Builder Floor,7,0,13,1,Yes,Yes,4.7,2.84,1.16,448
PROP0247,DLF Phase 3,2,2,Semi-Furnished,3212,2373,Builder Floor,10,3,7,1,No,Yes,1.66,2.65,2.67,417
PROP0248,Palam Vihar,3,3,Semi-Furnished,2158,1854,Apartment,11,7,11,1,Yes,Yes,3.13,1.2,3.95,198
PROP0249,Sushant Lok,4,3,Semi-Furnished,2739,2063,Independent House,6,5,8,2,Yes,No,0.2,0.9,1.39,301
PROP0250,South City 1,3,3,Unfurnished,1517,1161,Builder Floor,10,7,16,1,Yes,Yes,2.45,2.25,3.85,189
PROP0251,DLF Phase 3,5,4,Semi-Furnished,808,639,Studio,9,11,14,1,No,No,1.78,1.34,1.68,105
PROP0252,Sushant Lok,5,4,Fully-Furnished,2699,2312,Independent House,4,18,19,1,Yes,No,1.83,0.52,3.83,296
PROP0253,DLF Phase 2,1,1,Semi-Furnished,1547,1309,Apartment,19,0,1,2,No,Yes,2.01,1.84,0.73,216
PROP0254,Sushant Lok,3,3,Semi-Furnished,2067,1608,Apartment,8,10,24,1,Yes,Yes,1.44,1.69,1.74,227
PROP0255,Sector 56,4,3,Unfurnished,3031,2237,Builder Floor,5,1,18,1,Yes,No,3.04,0.74,2.04,303
PROP0256,DLF Phase 1,4,3,Semi-Furnished,2874,2181,Villa,15,0,15,1,No,Yes,1.26,2.68,0.7,344
PROP0257,South City 2,3,3,Fully-Furnished,1469,1032,Studio,2,9,12,1,Yes,Yes,3.86,0.78,0.93,168
PROP0258,Sector 67,2,2,Fully-Furnished,901,685,Independent House,19,6,17,2,Yes,No,3.98,2.83,3.83,88
PROP0259,Sushant Lok,2,2,Semi-Furnished,3157,2607,Apartment,5,1,2,0,Yes,Yes,4.52,1.1,3.01,347
PROP0260,Sector 45,5,4,Fully-Furnished,1299,1092,Villa,4,16,21,1,No,No,1.53,1.23,0.9,136
PROP0261,Palam Vihar,1,1,Unfurnished,667,481,Villa,16,13,19,1,No,Yes,3.49,0.54,2.01,61
PROP0262,Sohna Road,1,1,Fully-Furnished,3319,2633,Builder Floor,18,11,14,1,Yes,Yes,1.86,0.85,2.1,298
PROP0263,Sushant Lok,4,3,Semi-Furnished,794,649,Studio,11,15,20,1,No,No,2.33,2.88,1.57,87
PROP0264,MG Road,4,3,Unfurnished,1079,756,Independent House,9,11,13,1,Yes,Yes,0.21,1.39,0.83,156
PROP0265,DLF Phase 2,5,4,Semi-Furnished,2122,1900,Independent House,6,11,13,1,Yes,Yes,4.31,2.67,3.31,297
PROP0266,DLF Phase 3,5,4,Unfurnished,2013,1537,Studio,14,0,20,2,Yes,Yes,4.51,1.25,3.57,261
PROP0267,Palam Vihar,5,4,Fully-Furnished,1684,1375,Independent House,20,4,8,1,No,Yes,4.12,1.5,2.52,154
PROP0268,Sector 57,4,3,Fully-Furnished,1192,941,Apartment,0,1,4,0,No,Yes,3.84,2.75,1.39,113
PROP0269,Sushant Lok,2,2,Semi-Furnished,1848,1367,Independent House,20,0,7,1,Yes,No,2.62,2.85,0.74,203
PROP0270,New Gurgaon,2,2,Fully-Furnished,1321,1139,Builder Floor,20,7,10,1,No,Yes,0.64,2.36,1.06,112
PROP0271,South City 2,5,4,Semi-Furnished,1184,899,Villa,0,0,4,1,Yes,Yes,1.53,1.91,3.79,136
PROP0272,Palam Vihar,1,1,Fully-Furnished,864,736,Villa,19,21,23,1,Yes,Yes,3.67,2.48,3.07,79
PROP0273,New Gurgaon,5,4,Unfurnished,2029,1717,Builder Floor,5,0,1,1,Yes,Yes,4.11,2,2.26,172
PROP0274,DLF Phase 2,3,3,Semi-Furnished,703,557,Apartment,6,17,24,1,Yes,Yes,4.19,2.02,3.31,98
PROP0275,New Gurgaon,5,4,Unfurnished,1662,1378,Builder Floor,10,14,18,0,Yes,Yes,3.36,2.96,0.77,141
PROP0276,Sushant Lok,3,3,Unfurnished,1062,862,Studio,0,8,17,1,Yes,Yes,3.99,0.73,3.55,116
PROP0277,South City 1,4,3,Fully-Furnished,2298,1786,Builder Floor,16,1,15,1,No,Yes,2.83,2.27,3.64,287
PROP0278,DLF Phase 1,3,3,Semi-Furnished,1586,1165,Villa,9,4,12,1,Yes,Yes,2.09,2.56,2.61,190
PROP0279,New Gurgaon,3,3,Fully-Furnished,1766,1430,Independent House,14,1,6,1,Yes,Yes,0.53,1.5,0.87,150
PROP0280,Sector 45,4,3,Semi-Furnished,2654,2101,Apartment,1,13,20,1,Yes,Yes,4.2,2.82,3.27,278
PROP0281,Sohna Road,3,3,Semi-Furnished,2054,1575,Independent House,7,5,11,2,Yes,Yes,2.48,1.43,0.87,184
PROP0282,DLF Phase 3,1,1,Unfurnished,3108,2539,Studio,9,15,21,2,Yes,No,0.53,0.97,2.84,404
PROP0283,South City 2,3,3,Semi-Furnished,1537,1252,Studio,15,10,12,1,Yes,No,2.15,2.35,1.99,176
PROP0284,Sushant Lok,5,4,Semi-Furnished,2233,1595,Villa,15,12,21,0,Yes,No,3.94,2.02,3.82,245
PROP0285,Palam Vihar,1,1,Unfurnished,1151,1031,Villa,20,5,20,2,Yes,Yes,0.22,2.09,3.96,105
PROP0286,Sushant Lok,1,1,Semi-Furnished,3462,3059,Independent House,16,5,9,2,Yes,Yes,4.57,0.6,1.87,380
PROP0287,DLF Phase 3,3,3,Semi-Furnished,1322,1076,Independent House,13,15,17,2,No,Yes,0.91,0.95,0.83,171
PROP0288,South City 2,4,3,Unfurnished,946,811,Villa,9,4,25,2,Yes,No,4.35,1.99,3.41,108
PROP0289,Sector 67,5,4,Unfurnished,782,659,Builder Floor,19,18,23,2,No,Yes,2.47,1.06,3.73,76
PROP0290,Palam Vihar,1,1,Unfurnished,1062,808,Independent House,9,3,18,2,Yes,No,4.94,1.97,1.96,97
PROP0291,Sohna Road,5,4,Fully-Furnished,3001,2209,Villa,18,5,22,1,Yes,Yes,0.73,0.74,0.81,270
PROP0292,Sohna Road,4,3,Unfurnished,2940,2094,Independent House,5,3,13,1,No,Yes,1.89,0.52,3.19,264
PROP0293,Sector 67,4,3,Unfurnished,3190,2477,Builder Floor,1,12,18,1,No,Yes,0.9,2.36,1.88,312
PROP0294,MG Road,1,1,Semi-Furnished,1737,1395,Villa,0,10,11,2,Yes,Yes,4.79,2.98,3.15,251
PROP0295,South City 1,4,3,Semi-Furnished,1435,1149,Apartment,13,2,10,1,Yes,No,0.6,0.7,3.42,179
PROP0296,South City 2,2,2,Fully-Furnished,2270,1930,Builder Floor,5,6,16,1,Yes,Yes,0.22,2.61,2.29,261
PROP0297,Sector 45,5,4,Fully-Furnished,705,538,Villa,5,3,4,1,No,Yes,3.78,0.55,3.42,74
PROP0298,Sector 67,4,3,Fully-Furnished,2816,2198,Builder Floor,11,20,22,1,No,No,4.66,2.75,2.43,275
PROP0299,Sohna Road,2,2,Semi-Furnished,2912,2280,Studio,0,0,3,1,Yes,Yes,1.22,2.97,1.06,262
PROP0300,DLF Phase 3,3,3,Unfurnished,1800,1312,Villa,13,0,16,1,No,Yes,1.53,0.68,2.42,234
PROP0301,South City 2,2,2,Unfurnished,1580,1255,Studio,5,1,25,2,Yes,Yes,4.55,2.43,2.32,181
PROP0302,Golf Course Road,2,2,Semi-Furnished,3180,2665,Apartment,7,1,14,1,Yes,No,1.87,1.63,2.24,508
PROP0303,Sector 67,5,4,Fully-Furnished,2617,1918,Apartment,2,5,19,1,Yes,Yes,4.41,2.9,2.72,256
PROP0304,Sector 57,4,3,Unfurnished,2685,2258,Builder Floor,20,0,3,1,Yes,Yes,3.83,2.04,2.95,255
PROP0305,Sector 56,3,3,Unfurnished,1064,910,Independent House,18,0,15,1,Yes,Yes,1.91,2.88,2.47,106
PROP0306,MG Road,4,3,Fully-Furnished,2977,2496,Independent House,15,1,18,1,No,Yes,3.19,0.66,1.67,431
PROP0307,DLF Phase 3,1,1,Semi-Furnished,2562,1814,Villa,2,8,19,2,Yes,Yes,3.41,1.39,2.79,333
PROP0308,Golf Course Road,2,2,Unfurnished,3094,2622,Builder Floor,1,17,21,0,No,Yes,3.8,1.69,3.91,495
PROP0309,DLF Phase 2,1,1,Fully-Furnished,1167,827,Studio,11,4,5,2,Yes,Yes,3.5,1.06,0.76,163
PROP0310,Sector 56,3,3,Semi-Furnished,1753,1413,Apartment,17,7,13,1,Yes,No,0.28,0.66,3.54,175
PROP0311,Sushant Lok,2,2,Fully-Furnished,1909,1679,Studio,16,1,24,1,Yes,Yes,3.18,0.9,1.87,209
PROP0312,South City 1,2,2,Semi-Furnished,989,731,Apartment,13,4,5,0,Yes,No,3.79,1.45,1.94,123
PROP0313,Sushant Lok,2,2,Unfurnished,2174,1771,Builder Floor,12,4,9,1,No,Yes,3.9,2.31,3.63,239
PROP0314,New Gurgaon,5,4,Fully-Furnished,2531,2047,Independent House,15,2,12,1,No,No,3.05,0.64,1.49,215
PROP0315,Sector 45,4,3,Semi-Furnished,1435,1183,Builder Floor,7,1,7,2,Yes,No,1.29,1.79,1.9,150
PROP0316,Sushant Lok,4,3,Semi-Furnished,2026,1696,Builder Floor,13,2,23,0,Yes,Yes,3.05,1.28,0.7,222
PROP0317,MG Road,1,1,Fully-Furnished,2783,2092,Villa,20,16,17,2,Yes,Yes,2.45,2.12,1.19,403
PROP0318,Sector 56,5,4,Fully-Furnished,2242,1901,Builder Floor,19,13,14,1,Yes,No,4.04,1.01,2.61,224
PROP0319,Sector 45,3,3,Unfurnished,2053,1823,Independent House,9,2,10,2,No,Yes,3.66,2.62,3.63,215
PROP0320,DLF Phase 3,2,2,Fully-Furnished,795,640,Villa,13,6,20,2,Yes,Yes,2.98,2.07,3.76,103
PROP0321,South City 1,2,2,Unfurnished,2010,1725,Apartment,1,6,12,2,Yes,No,0.79,2.54,0.67,251
PROP0322,MG Road,4,3,Semi-Furnished,1269,940,Independent House,12,0,11,1,Yes,Yes,1.67,2.83,1.39,184
PROP0323,Sector 67,5,4,Semi-Furnished,1694,1286,Villa,8,7,14,2,Yes,Yes,2.35,0.81,1.71,166
PROP0324,New Gurgaon,5,4,Semi-Furnished,2172,1899,Apartment,1,1,20,2,Yes,Yes,0.37,2.35,3.68,184
PROP0325,DLF Phase 1,4,3,Unfurnished,1923,1461,Apartment,18,14,21,2,Yes,Yes,0.24,1.13,3.97,230
PROP0326,Palam Vihar,3,3,Fully-Furnished,2552,2252,Independent House,9,8,16,2,No,Yes,2.5,2.03,1.72,234
PROP0327,DLF Phase 3,5,4,Semi-Furnished,1854,1366,Studio,2,1,2,1,Yes,Yes,1.42,1.66,1.46,241
PROP0328,Sector 57,1,1,Unfurnished,1213,978,Builder Floor,16,12,15,1,Yes,Yes,1.9,1.38,3.7,115
PROP0329,New Gurgaon,2,2,Semi-Furnished,3187,2855,Apartment,7,5,23,2,Yes,No,2.57,2.11,1.12,270
PROP0330,South City 1,4,3,Unfurnished,2194,1615,Apartment,4,5,9,1,Yes,Yes,2.25,2.83,1.59,274
PROP0331,DLF Phase 3,3,3,Semi-Furnished,3494,2521,Apartment,11,9,23,1,Yes,No,2.88,1.2,1,454
PROP0332,Palam Vihar,4,3,Semi-Furnished,1683,1419,Builder Floor,14,9,12,1,Yes,Yes,3.91,0.89,3.64,154
PROP0333,Sector 67,1,1,Unfurnished,3204,2464,Independent House,1,2,3,1,Yes,No,0.25,1.51,1.4,313
PROP0334,Sector 45,1,1,Unfurnished,935,678,Independent House,11,3,24,2,Yes,Yes,4.73,2.02,1.97,98
PROP0335,South City 1,3,3,Semi-Furnished,2488,2151,Studio,11,0,1,0,No,Yes,0.5,2.78,3.65,311
PROP0336,Golf Course Road,4,3,Semi-Furnished,711,592,Builder Floor,13,2,7,2,No,Yes,4.54,2.4,3.99,113
PROP0337,Palam Vihar,3,3,Unfurnished,1812,1439,Builder Floor,5,0,20,1,Yes,Yes,3.21,1.52,0.71,166
PROP0338,Sector 57,2,2,Semi-Furnished,2252,1837,Studio,11,9,10,1,Yes,Yes,4.96,2.78,0.76,213
PROP0339,Sushant Lok,4,3,Unfurnished,1905,1639,Apartment,2,13,14,1,Yes,Yes,1.15,2.7,3.83,209
PROP0340,Sector 67,2,2,Semi-Furnished,673,484,Builder Floor,11,2,6,2,Yes,Yes,0.58,1.65,1.74,65
PROP0341,South City 1,5,4,Unfurnished,3116,2300,Apartment,8,6,17,1,No,Yes,1.17,0.63,1.71,389
PROP0342,DLF Phase 3,1,1,Fully-Furnished,2079,1859,Studio,15,4,19,1,Yes,Yes,2.94,0.63,1.12,270
PROP0343,Sector 45,1,1,Unfurnished,2922,2253,Studio,1,3,5,1,Yes,Yes,4.59,0.92,2.31,306
PROP0344,Sector 67,3,3,Fully-Furnished,1261,1039,Apartment,15,4,16,1,Yes,Yes,2.93,2.45,3.84,123
PROP0345,Sector 56,2,2,Fully-Furnished,2867,2558,Studio,0,8,17,1,No,Yes,3.63,2.85,3.56,286
PROP0346,Palam Vihar,1,1,Fully-Furnished,1725,1332,Builder Floor,10,3,25,1,Yes,Yes,2.51,0.54,3.96,158
PROP0347,Golf Course Road,2,2,Unfurnished,1711,1216,Studio,20,6,15,1,No,No,1.95,2.77,1.46,273
PROP0348,Sector 56,1,1,Semi-Furnished,3465,2843,Villa,7,14,19,1,Yes,Yes,2.86,1.65,3.02,346
PROP0349,MG Road,1,1,Semi-Furnished,2534,2103,Independent House,1,1,6,1,Yes,No,3.1,2.52,2.44,367
PROP0350,DLF Phase 3,3,3,Semi-Furnished,2259,1775,Studio,3,10,15,1,Yes,Yes,2.03,1.41,1.03,293
PROP0351,Sohna Road,1,1,Unfurnished,1301,1155,Villa,3,3,8,1,No,Yes,3.88,0.62,2.8,117
PROP0352,Golf Course Road,1,1,Unfurnished,1580,1201,Independent House,3,6,16,1,Yes,Yes,1.49,2.19,3.36,252
PROP0353,DLF Phase 1,3,3,Fully-Furnished,1212,891,Builder Floor,12,0,2,1,Yes,Yes,0.54,1.07,1.23,145
PROP0354,DLF Phase 1,2,2,Semi-Furnished,1807,1406,Studio,12,4,17,0,No,Yes,1.47,1.99,0.95,216
PROP0355,MG Road,1,1,Semi-Furnished,3056,2306,Independent House,14,8,12,2,Yes,Yes,2.93,0.54,1.06,443
PROP0356,DLF Phase 3,4,3,Fully-Furnished,2535,2208,Villa,1,5,16,2,No,Yes,2.08,0.83,2.83,329
PROP0357,DLF Phase 2,4,3,Fully-Furnished,3433,3082,Builder Floor,6,10,18,1,No,Yes,2.45,2.08,1.64,480
PROP0358,Sohna Road,3,3,Fully-Furnished,1116,809,Apartment,13,8,24,1,No,Yes,1.97,2.18,3.38,100
PROP0359,Sector 67,1,1,Fully-Furnished,2037,1609,Studio,8,10,21,0,No,No,0.24,2.22,2.28,199
PROP0360,New Gurgaon,1,1,Semi-Furnished,843,701,Studio,0,14,19,1,Yes,No,0.97,1.59,1.65,71
PROP0361,Sector 57,4,3,Fully-Furnished,702,512,Villa,2,7,21,2,Yes,No,3.28,1.27,0.64,66
PROP0362,Sushant Lok,5,4,Unfurnished,3438,2745,Builder Floor,15,11,13,1,Yes,Yes,4.06,1.1,3.85,378
PROP0363,Palam Vihar,2,2,Semi-Furnished,1323,968,Studio,19,15,16,1,Yes,Yes,2.86,1.21,2.4,121
PROP0364,DLF Phase 1,1,1,Semi-Furnished,2074,1617,Independent House,5,13,20,1,Yes,Yes,1.96,0.8,2.5,248
PROP0365,DLF Phase 3,3,3,Semi-Furnished,2368,1823,Apartment,20,2,9,2,Yes,No,4.21,1.14,1.47,307
PROP0366,South City 2,4,3,Semi-Furnished,645,481,Apartment,4,0,2,1,No,Yes,3.61,1.62,0.56,74
PROP0367,MG Road,1,1,Semi-Furnished,849,678,Studio,5,2,11,2,Yes,Yes,1.66,2.71,2.42,123
PROP0368,New Gurgaon,2,2,Unfurnished,1994,1672,Independent House,20,0,15,1,Yes,Yes,2.78,1.76,3,169
PROP0369,South City 2,3,3,Unfurnished,2362,1759,Independent House,17,2,3,1,Yes,Yes,2.96,1.29,0.72,271
PROP0370,Sushant Lok,2,2,Semi-Furnished,994,760,Independent House,16,11,16,2,No,Yes,5,2.92,1.48,109
PROP0371,DLF Phase 3,5,4,Semi-Furnished,1364,1023,Villa,14,6,22,1,Yes,Yes,2.95,2.11,3.55,177
PROP0372,South City 1,3,3,Semi-Furnished,1238,876,Builder Floor,1,3,4,1,No,No,0.24,1.96,0.73,154
PROP0373,Palam Vihar,4,3,Semi-Furnished,1374,1220,Villa,13,12,19,1,Yes,Yes,2.68,2.12,3.89,126
PROP0374,MG Road,4,3,Fully-Furnished,1551,1197,Independent House,2,14,18,1,Yes,No,0.31,2.05,1.53,224
PROP0375,Palam Vihar,3,3,Unfurnished,1847,1454,Studio,15,1,8,2,No,Yes,1.58,2.64,1.03,169
PROP0376,DLF Phase 1,1,1,Semi-Furnished,2082,1622,Builder Floor,6,4,12,2,Yes,Yes,2.78,2.07,0.6,249
PROP0377,Sushant Lok,1,1,Semi-Furnished,1293,1158,Apartment,12,0,2,1,Yes,Yes,3.38,2.68,2.14,142
PROP0378,Sector 45,5,4,Semi-Furnished,1503,1338,Independent House,5,0,5,1,Yes,Yes,4.11,0.6,2.44,157
PROP0379,Sushant Lok,2,2,Semi-Furnished,2964,2157,Independent House,8,13,18,1,Yes,Yes,1.21,2.03,1.58,326
PROP0380,Sushant Lok,3,3,Fully-Furnished,2601,2018,Studio,11,20,25,2,Yes,Yes,3.34,2.06,3.85,286
PROP0381,Sohna Road,1,1,Semi-Furnished,1690,1426,Studio,5,19,22,1,No,Yes,2.59,1.62,1.64,152
PROP0382,Golf Course Road,4,3,Semi-Furnished,1612,1246,Apartment,15,0,15,0,Yes,Yes,0.33,1.02,2.85,257
PROP0383,Sohna Road,4,3,Fully-Furnished,3206,2346,Independent House,7,5,22,2,Yes,Yes,3.45,2.48,3.9,288
PROP0384,MG Road,4,3,Semi-Furnished,1089,898,Villa,11,8,16,0,Yes,Yes,1.8,0.99,3.18,157
PROP0385,DLF Phase 2,4,3,Fully-Furnished,781,659,Villa,19,10,15,2,Yes,Yes,4.4,2.87,2.45,109
PROP0386,South City 1,4,3,Fully-Furnished,1791,1368,Apartment,15,2,21,1,No,No,3.35,2.04,0.56,223
PROP0387,Palam Vihar,4,3,Semi-Furnished,1210,1057,Independent House,11,1,3,1,Yes,Yes,1.04,2.11,1,111
PROP0388,South City 2,4,3,Unfurnished,1029,836,Villa,2,3,12,2,No,Yes,1.55,0.83,2.68,118
PROP0389,Palam Vihar,1,1,Semi-Furnished,2239,1660,Studio,3,6,11,1,Yes,No,4.83,2.74,1.45,205
PROP0390,Sector 45,3,3,Fully-Furnished,844,745,Studio,17,0,1,1,No,Yes,0.72,0.99,2.2,88
PROP0391,Golf Course Road,4,3,Fully-Furnished,1503,1318,Independent House,13,1,15,2,Yes,Yes,3.67,1.39,1.34,240
PROP0392,DLF Phase 1,2,2,Semi-Furnished,1751,1380,Villa,14,2,3,1,No,Yes,3.84,1.3,3.19,210
PROP0393,South City 2,5,4,Unfurnished,3134,2476,Independent House,18,3,15,1,Yes,Yes,1.52,1.11,0.6,360
PROP0394,MG Road,1,1,Semi-Furnished,2571,2048,Villa,7,5,16,0,Yes,Yes,2.08,0.64,3.33,372
PROP0395,Sushant Lok,3,3,Semi-Furnished,2359,2089,Builder Floor,2,5,12,1,Yes,No,2.01,2.46,1.04,259
PROP0396,Sushant Lok,1,1,Semi-Furnished,2812,2294,Independent House,11,1,7,2,No,Yes,1.58,1.07,1.09,309
PROP0397,Sector 57,2,2,Semi-Furnished,1725,1452,Builder Floor,18,11,15,2,Yes,No,1.1,2.91,1.77,163
PROP0398,DLF Phase 2,3,3,Fully-Furnished,3142,2338,Villa,8,6,15,1,No,Yes,4.93,1.21,3.15,439
PROP0399,Sector 45,1,1,Unfurnished,1505,1212,Studio,1,0,1,1,No,No,0.88,2.03,0.78,158
PROP0400,Sector 67,5,4,Unfurnished,2368,2124,Builder Floor,4,12,21,0,Yes,No,3.96,1.78,3.25,232
PROP0401,DLF Phase 3,1,1,Semi-Furnished,3219,2712,Studio,16,1,19,1,No,No,3.49,1.46,1.51,418
PROP0402,DLF Phase 1,2,2,Semi-Furnished,1922,1654,Villa,17,17,20,0,No,No,0.65,1.95,2.49,230
PROP0403,New Gurgaon,5,4,Unfurnished,3237,2566,Villa,13,1,15,1,No,Yes,3.74,2.1,2.3,275
PROP0404,New Gurgaon,1,1,Unfurnished,954,725,Builder Floor,15,0,17,2,No,Yes,2.39,1.75,3.45,81
PROP0405,South City 2,5,4,Unfurnished,2865,2084,Villa,8,11,15,2,Yes,Yes,4.37,2.21,0.52,329
PROP0406,Sohna Road,3,3,Unfurnished,2925,2137,Builder Floor,9,2,3,2,Yes,Yes,3.02,0.76,2.21,263
PROP0407,Sector 56,2,2,Unfurnished,2003,1727,Apartment,1,7,22,1,Yes,No,0.79,0.86,3.95,200
PROP0408,Palam Vihar,3,3,Fully-Furnished,1396,1141,Independent House,2,1,8,1,Yes,Yes,1.93,1.33,1.58,128
PROP0409,DLF Phase 1,3,3,Unfurnished,1322,989,Builder Floor,3,5,13,2,Yes,No,2.87,1.53,2.26,158
PROP0410,Sector 57,5,4,Semi-Furnished,856,647,Independent House,14,14,15,1,No,Yes,4.57,1.57,2.55,81
PROP0411,DLF Phase 3,1,1,Fully-Furnished,1548,1336,Villa,4,3,8,2,No,No,0.99,1.37,1.86,201
PROP0412,Sushant Lok,4,3,Semi-Furnished,1233,972,Apartment,14,13,23,0,Yes,Yes,4.81,1.07,2.52,135
PROP0413,MG Road,2,2,Semi-Furnished,3028,2226,Studio,8,1,3,1,No,Yes,1.14,0.69,1.39,439
PROP0414,South City 1,1,1,Fully-Furnished,2852,2027,Builder Floor,17,14,15,1,Yes,Yes,4.31,0.59,0.75,356
PROP0415,Palam Vihar,2,2,Semi-Furnished,1049,833,Studio,13,7,8,1,No,Yes,4.72,2.87,3.1,96
PROP0416,Palam Vihar,3,3,Fully-Furnished,976,787,Apartment,11,3,20,2,No,Yes,2.71,1.35,1.04,89
PROP0417,New Gurgaon,3,3,Unfurnished,1096,782,Independent House,13,18,19,2,No,Yes,0.45,2.37,2.83,93
PROP0418,DLF Phase 3,2,2,Semi-Furnished,3280,2863,Villa,13,0,1,1,Yes,Yes,1.06,2.5,2.41,426
PROP0419,Sohna Road,2,2,Semi-Furnished,3178,2726,Apartment,14,3,6,0,Yes,Yes,3.21,2.05,1.61,286
PROP0420,Golf Course Road,5,4,Semi-Furnished,758,551,Villa,13,4,24,1,No,Yes,3.67,2.72,2.99,121
PROP0421,Sector 45,5,4,Unfurnished,3086,2209,Villa,19,2,3,2,Yes,No,4.28,2.12,2.16,324
PROP0422,Sector 45,5,4,Fully-Furnished,2083,1640,Villa,13,1,11,1,Yes,Yes,2.07,1.89,1.35,218
PROP0423,DLF Phase 1,5,4,Unfurnished,3192,2824,Independent House,9,6,17,1,Yes,Yes,3.12,1.17,1.88,383
PROP0424,DLF Phase 2,4,3,Unfurnished,1703,1403,Independent House,19,19,22,1,Yes,No,0.96,1.21,2.66,238
PROP0425,Sector 67,5,4,Unfurnished,1646,1417,Apartment,2,0,3,1,Yes,Yes,0.56,1.76,2.22,161
PROP0426,DLF Phase 2,2,2,Semi-Furnished,2471,2158,Independent House,2,2,9,2,Yes,Yes,2.44,1.27,2.49,345
PROP0427,DLF Phase 3,1,1,Fully-Furnished,656,488,Apartment,20,19,20,1,Yes,Yes,4.39,0.96,0.98,85
PROP0428,Sector 67,5,4,Semi-Furnished,1378,1082,Apartment,6,4,6,1,Yes,Yes,4.99,0.6,0.64,135
PROP0429,DLF Phase 2,1,1,Semi-Furnished,2735,2064,Apartment,7,10,11,1,Yes,Yes,1.06,2.94,1.68,382
PROP0430,DLF Phase 2,2,2,Semi-Furnished,693,619,Studio,18,13,16,1,Yes,Yes,2.87,1.93,3.92,97
PROP0431,Sector 67,1,1,Fully-Furnished,1133,897,Studio,20,6,8,1,Yes,Yes,2.72,1.5,1.71,111
PROP0432,South City 2,2,2,Fully-Furnished,972,784,Independent House,14,13,21,2,No,Yes,3.75,3,0.88,111
PROP0433,DLF Phase 2,4,3,Fully-Furnished,2782,2500,Apartment,6,0,1,2,Yes,Yes,4.54,2.71,3.47,389
PROP0434,Sector 57,5,4,Fully-Furnished,1511,1152,Apartment,6,3,11,1,No,No,1.24,1.42,3.79,143
PROP0435,Sector 56,3,3,Fully-Furnished,786,658,Independent House,20,13,21,2,No,Yes,4.98,1.55,2.02,78
PROP0436,Sohna Road,1,1,Fully-Furnished,2488,2158,Apartment,0,11,22,1,Yes,No,1.46,2.23,2.22,223
PROP0437,DLF Phase 3,5,4,Semi-Furnished,2196,1697,Apartment,20,0,2,2,No,Yes,4.82,0.58,3.59,285
PROP0438,South City 2,4,3,Unfurnished,3306,2704,Villa,11,0,1,2,Yes,Yes,1.94,1.66,1.06,380
PROP0439,Palam Vihar,3,3,Semi-Furnished,2746,2383,Builder Floor,5,0,5,2,Yes,Yes,2.39,1.74,1.04,252
PROP0440,Palam Vihar,2,2,Unfurnished,1106,785,Studio,18,13,14,2,No,Yes,2.76,2.5,2.47,101
PROP0441,MG Road,2,2,Unfurnished,1650,1311,Builder Floor,14,12,25,1,Yes,Yes,4.77,1.7,0.91,239
PROP0442,New Gurgaon,4,3,Fully-Furnished,1878,1492,Studio,20,1,3,1,No,Yes,3.41,0.79,1,159
PROP0443,South City 2,4,3,Semi-Furnished,1971,1487,Independent House,4,21,23,1,No,Yes,3.62,2.72,2.2,226
PROP0444,South City 1,2,2,Fully-Furnished,2643,2119,Builder Floor,2,6,24,1,Yes,Yes,2.97,2.8,2.99,330
PROP0445,South City 2,5,4,Fully-Furnished,2679,2363,Independent House,3,1,5,1,Yes,Yes,3.25,1.5,1.92,308
PROP0446,New Gurgaon,1,1,Semi-Furnished,2392,1752,Villa,16,11,19,1,Yes,Yes,1.87,1.48,1.02,203
PROP0447,DLF Phase 2,1,1,Semi-Furnished,2165,1677,Studio,6,20,22,1,No,Yes,0.48,2.73,1.41,303
PROP0448,Sector 45,1,1,Semi-Furnished,2555,2292,Apartment,17,2,15,1,Yes,Yes,1.81,0.87,3.41,268
PROP0449,Golf Course Road,1,1,Fully-Furnished,2766,2228,Villa,16,1,17,2,Yes,No,2.49,1.05,1.24,442
PROP0450,Sector 67,5,4,Semi-Furnished,3412,2636,Builder Floor,5,4,23,1,No,Yes,3.05,2.02,3.98,334
PROP0451,Golf Course Road,3,3,Fully-Furnished,712,596,Studio,17,0,10,1,Yes,Yes,4.37,2.34,3.49,113
PROP0452,Golf Course Road,3,3,Fully-Furnished,1765,1407,Apartment,14,9,12,2,Yes,Yes,1.91,0.97,0.68,282
PROP0453,Palam Vihar,2,2,Semi-Furnished,2961,2569,Builder Floor,9,0,1,0,No,Yes,3.46,1.71,1.46,272
PROP0454,Sector 56,1,1,Fully-Furnished,1126,840,Studio,4,4,20,1,Yes,Yes,2.58,1.66,1.23,112
PROP0455,Sector 67,1,1,Semi-Furnished,3121,2752,Villa,12,7,20,1,Yes,Yes,0.42,1.68,1.71,305
PROP0456,Sector 45,5,4,Semi-Furnished,1858,1535,Apartment,18,2,14,2,Yes,Yes,1.52,1.14,3.59,195
PROP0457,Sector 57,1,1,Semi-Furnished,1101,913,Apartment,19,4,16,1,No,Yes,3.27,1.2,2.64,104
PROP0458,Sushant Lok,1,1,Fully-Furnished,1490,1230,Builder Floor,15,4,20,1,Yes,Yes,4.37,0.86,1.13,163
PROP0459,DLF Phase 1,5,4,Semi-Furnished,868,742,Apartment,15,10,23,2,Yes,Yes,1.57,2.09,0.94,104
PROP0460,Sushant Lok,5,4,Semi-Furnished,3298,2468,Villa,8,1,3,1,Yes,Yes,0.33,2.1,2.54,362
PROP0461,Sector 56,3,3,Fully-Furnished,1961,1413,Independent House,1,16,18,2,Yes,No,1.32,0.91,0.82,196
PROP0462,Sector 57,5,4,Semi-Furnished,2898,2344,Villa,15,0,16,1,Yes,No,1.4,1.52,0.81,275
PROP0463,Sector 57,5,4,Semi-Furnished,1639,1447,Apartment,7,3,6,1,Yes,No,4.27,1.39,1.93,155
PROP0464,Sohna Road,2,2,Unfurnished,2260,1695,Villa,3,12,19,2,Yes,Yes,3.23,2.88,2.43,203
PROP0465,South City 2,2,2,Semi-Furnished,2576,1922,Builder Floor,13,6,14,1,Yes,Yes,2.55,1.83,3.06,296
PROP0466,New Gurgaon,4,3,Semi-Furnished,809,571,Studio,2,0,1,1,Yes,No,1.31,1.75,1.72,68
PROP0467,New Gurgaon,1,1,Fully-Furnished,806,662,Studio,3,16,18,2,No,Yes,4.34,1.68,1.96,68
PROP0468,South City 2,1,1,Fully-Furnished,1934,1385,Studio,2,3,17,1,Yes,Yes,3.89,2.27,0.98,222
PROP0469,Palam Vihar,1,1,Unfurnished,814,714,Apartment,16,4,9,2,No,Yes,1.97,1.33,2.58,74
PROP0470,DLF Phase 2,2,2,Unfurnished,2615,2293,Independent House,5,1,5,2,Yes,Yes,2.18,2.35,3.27,366
PROP0471,Sector 56,4,3,Semi-Furnished,2836,2479,Apartment,6,3,12,1,No,Yes,0.94,1.6,1.38,283
PROP0472,South City 2,5,4,Fully-Furnished,3348,2521,Independent House,9,5,18,2,No,No,0.27,1.48,0.97,385
PROP0473,Sector 56,4,3,Fully-Furnished,1729,1298,Builder Floor,4,3,6,2,Yes,No,4.23,2.65,2.84,172
PROP0474,Sector 67,5,4,Unfurnished,2753,2200,Independent House,4,5,19,2,Yes,Yes,2.41,2.02,1.16,269
PROP0475,MG Road,3,3,Semi-Furnished,2016,1570,Builder Floor,19,16,17,2,Yes,Yes,2.19,2.7,2.45,292
PROP0476,Sector 57,5,4,Fully-Furnished,2148,1567,Apartment,1,10,16,2,Yes,Yes,1.71,0.94,3.55,204
PROP0477,Sohna Road,1,1,Semi-Furnished,1163,863,Apartment,6,0,22,1,Yes,No,4.19,1.11,2.74,104
PROP0478,New Gurgaon,3,3,Unfurnished,747,646,Independent House,12,5,11,2,Yes,Yes,3.48,0.82,2.8,63
PROP0479,DLF Phase 1,1,1,Unfurnished,3127,2305,Builder Floor,2,18,21,1,Yes,Yes,4.19,1.81,1,375
PROP0480,Sushant Lok,5,4,Fully-Furnished,2884,2131,Builder Floor,5,5,8,2,No,Yes,4.6,2.75,1.13,317
PROP0481,Sector 57,5,4,Semi-Furnished,1041,913,Apartment,4,3,6,1,Yes,Yes,3.65,2.54,2.57,98
PROP0482,MG Road,5,4,Fully-Furnished,1778,1447,Studio,15,6,24,1,Yes,Yes,3.52,1.12,3.62,257
PROP0483,Golf Course Road,2,2,Fully-Furnished,2561,1832,Villa,20,4,19,1,Yes,No,3.47,1.65,3.02,409
PROP0484,Sector 45,1,1,Semi-Furnished,1609,1181,Apartment,7,6,21,0,Yes,Yes,4.01,1.03,1.48,168
PROP0485,Golf Course Road,3,3,Semi-Furnished,1477,1161,Studio,3,1,4,2,Yes,No,3.62,1.38,3.62,236
PROP0486,Palam Vihar,4,3,Fully-Furnished,2741,2295,Villa,7,12,25,0,Yes,Yes,2.74,1.6,2.77,252
PROP0487,South City 2,3,3,Unfurnished,2874,2140,Villa,5,3,19,1,Yes,Yes,4.5,2.13,1.4,330
PROP0488,Sector 45,5,4,Semi-Furnished,3056,2324,Apartment,18,3,7,2,Yes,Yes,3.87,2.59,3.57,320
PROP0489,DLF Phase 1,1,1,Semi-Furnished,2819,2129,Studio,6,1,4,1,No,Yes,3,2.94,3.5,338
PROP0490,Sector 45,3,3,Fully-Furnished,900,711,Apartment,2,2,5,1,Yes,No,2.87,1.98,3.84,94
PROP0491,South City 1,2,2,Unfurnished,1442,1205,Apartment,15,0,8,2,Yes,Yes,2.08,1.76,3.75,180
PROP0492,DLF Phase 3,2,2,Semi-Furnished,659,568,Builder Floor,2,2,4,1,Yes,No,4.75,1.77,2.45,85
PROP0493,South City 1,5,4,Semi-Furnished,714,591,Villa,8,7,16,1,Yes,No,0.31,2.7,1.5,89
PROP0494,South City 2,4,3,Fully-Furnished,3486,3057,Builder Floor,9,3,9,1,No,Yes,3.91,2.31,1.38,400
PROP0495,New Gurgaon,5,4,Unfurnished,2807,2443,Studio,17,13,19,0,Yes,Yes,2.89,2.56,3.95,238
PROP0496,Sector 67,2,2,Fully-Furnished,3337,2955,Studio,17,1,4,1,Yes,Yes,3.27,1.36,1.23,327
PROP0497,South City 2,3,3,Semi-Furnished,1599,1193,Villa,14,8,18,1,Yes,Yes,1.3,0.69,1,183
PROP0498,New Gurgaon,1,1,Unfurnished,2940,2626,Apartment,20,0,17,2,Yes,Yes,4.99,2.78,2.16,249
PROP0499,Sushant Lok,2,2,Semi-Furnished,3100,2676,Studio,5,3,16,2,Yes,Yes,4.35,2.66,2.95,341
PROP0500,Sector 57,1,1,Fully-Furnished,720,541,Builder Floor,0,0,1,1,Yes,Yes,0.27,2.95,2.96,68
PROP0501,Sector 57,4,3,Fully-Furnished,2690,1945,Villa,12,20,25,1,Yes,Yes,3.13,1.63,0.74,255
PROP0502,DLF Phase 3,2,2,Unfurnished,1581,1315,Builder Floor,6,3,19,2,Yes,Yes,2.04,2.49,1.99,205
PROP0503,South City 1,1,1,Semi-Furnished,1772,1431,Apartment,14,13,17,0,Yes,Yes,2.46,2.13,3.51,221
PROP0504,Sector 67,2,2,Unfurnished,1568,1210,Villa,8,16,18,1,No,No,4.2,1.12,1.69,153
PROP0505,New Gurgaon,2,2,Semi-Furnished,624,440,Builder Floor,8,6,12,1,Yes,No,2.97,0.69,1.58,53
PROP0506,South City 1,3,3,Semi-Furnished,1258,972,Apartment,3,4,14,0,Yes,Yes,3.83,2.98,2.2,157
PROP0507,DLF Phase 2,3,3,Semi-Furnished,3494,3068,Villa,16,2,5,1,No,Yes,1.5,2.55,1.12,489
PROP0508,New Gurgaon,4,3,Unfurnished,626,493,Studio,2,0,2,2,No,Yes,2.31,1.39,2.52,53
PROP0509,MG Road,2,2,Unfurnished,2664,2062,Builder Floor,14,0,4,2,Yes,Yes,3.51,1.1,3.12,386
PROP0510,DLF Phase 2,2,2,Fully-Furnished,1322,949,Villa,19,0,3,1,No,No,0.53,2.79,3.33,185
PROP0511,DLF Phase 3,4,3,Unfurnished,1501,1163,Apartment,12,16,17,1,No,Yes,2.27,1.51,0.64,195
PROP0512,South City 1,5,4,Unfurnished,2894,2314,Builder Floor,14,1,21,1,Yes,No,4.94,2.66,3.75,361
PROP0513,MG Road,5,4,Fully-Furnished,969,767,Apartment,1,10,20,1,Yes,Yes,0.8,0.91,2.14,140
PROP0514,Sohna Road,5,4,Semi-Furnished,689,532,Independent House,15,0,8,2,Yes,Yes,3.83,1.76,1.75,62
PROP0515,Palam Vihar,5,4,Semi-Furnished,1743,1492,Studio,2,7,9,1,Yes,Yes,4.9,2.61,2.57,160
PROP0516,South City 2,5,4,Semi-Furnished,954,668,Apartment,0,3,8,2,No,No,1.88,2.67,1.06,109
PROP0517,Sector 57,1,1,Semi-Furnished,2891,2196,Apartment,6,2,6,1,Yes,Yes,2.64,2.2,1.48,274
PROP0518,DLF Phase 2,3,3,Semi-Furnished,769,635,Apartment,14,5,11,1,Yes,Yes,0.48,2.63,2.37,107
PROP0519,Sector 67,3,3,Semi-Furnished,2708,2046,Independent House,0,2,15,2,Yes,Yes,0.59,0.96,1.75,265
PROP0520,Sohna Road,4,3,Semi-Furnished,1358,1098,Builder Floor,19,0,8,0,No,Yes,4.86,1.24,0.83,122
PROP0521,Sector 57,2,2,Semi-Furnished,681,512,Builder Floor,19,1,24,2,Yes,Yes,0.97,2.44,1.62,64
PROP0522,Sector 67,3,3,Semi-Furnished,1386,1012,Independent House,5,1,17,0,No,Yes,0.69,2.82,3.91,135
PROP0523,Sector 45,5,4,Fully-Furnished,2327,1683,Studio,16,1,16,1,Yes,Yes,1.44,0.67,3.81,244
PROP0524,DLF Phase 1,5,4,Semi-Furnished,3401,2381,Apartment,13,9,24,1,Yes,Yes,2.21,2.81,2.91,408
PROP0525,MG Road,5,4,Unfurnished,2219,1967,Studio,11,1,5,1,Yes,No,2.09,1.14,3.72,321
PROP0526,Sohna Road,4,3,Semi-Furnished,1773,1524,Apartment,3,2,11,0,No,No,2.04,2.58,3.47,159
PROP0527,DLF Phase 3,1,1,Unfurnished,961,849,Builder Floor,8,5,17,1,Yes,Yes,3.05,1.01,2.74,124
PROP0528,Sohna Road,1,1,Fully-Furnished,3485,3044,Independent House,18,0,21,2,Yes,Yes,2.87,2.17,2.99,313
PROP0529,Palam Vihar,1,1,Semi-Furnished,1899,1532,Villa,15,3,6,1,Yes,No,1.25,2.64,2.63,174
PROP0530,Sohna Road,2,2,Semi-Furnished,1757,1377,Builder Floor,4,8,15,1,Yes,Yes,3.44,3,1.61,158
PROP0531,Sushant Lok,3,3,Semi-Furnished,1156,868,Independent House,4,9,16,1,No,Yes,3.54,2.86,2.78,127
PROP0532,DLF Phase 1,5,4,Unfurnished,1403,1081,Independent House,1,9,13,1,Yes,Yes,1.98,1.05,2.46,168
PROP0533,Sector 45,4,3,Fully-Furnished,1871,1680,Villa,11,10,18,1,Yes,Yes,4.99,2.75,0.75,196
PROP0534,DLF Phase 3,1,1,Unfurnished,2770,1966,Villa,13,3,24,1,Yes,Yes,1.55,1.64,1.46,360
PROP0535,DLF Phase 1,5,4,Unfurnished,660,517,Studio,15,1,2,0,No,Yes,4.71,1.37,2.31,79
PROP0536,South City 1,3,3,Semi-Furnished,3098,2480,Apartment,16,8,14,1,No,Yes,4.29,2.86,3.53,387
PROP0537,DLF Phase 2,4,3,Fully-Furnished,1985,1642,Builder Floor,19,2,21,1,Yes,Yes,4.39,2.67,1.62,277
PROP0538,Sector 67,3,3,Unfurnished,644,544,Apartment,16,2,8,2,Yes,Yes,2.07,1.68,1.08,63
PROP0539,New Gurgaon,3,3,Semi-Furnished,2541,2274,Studio,12,0,2,1,Yes,Yes,1.77,0.62,3.83,215
PROP0540,MG Road,4,3,Fully-Furnished,1194,941,Apartment,16,7,18,1,Yes,Yes,3.78,1.8,2.3,173
PROP0541,Sector 56,5,4,Fully-Furnished,2604,1860,Independent House,3,1,13,1,No,Yes,1.39,1,2.72,260
PROP0542,DLF Phase 2,2,2,Unfurnished,984,876,Villa,6,1,22,1,Yes,Yes,2.46,1.66,3.44,137
PROP0543,DLF Phase 1,4,3,Semi-Furnished,1067,768,Builder Floor,12,2,16,1,No,Yes,4.99,0.83,2.81,128
PROP0544,Sohna Road,3,3,Unfurnished,2720,2298,Studio,16,11,13,1,Yes,Yes,4.43,2.52,1.02,244
PROP0545,New Gurgaon,2,2,Semi-Furnished,3428,3081,Independent House,3,2,7,2,Yes,No,2.38,1.08,1.1,291
PROP0546,DLF Phase 3,3,3,Semi-Furnished,3010,2696,Studio,19,0,24,1,Yes,Yes,1.94,1.27,2.97,391
PROP0547,Sector 56,5,4,Fully-Furnished,2268,2040,Apartment,6,3,6,0,Yes,Yes,2.44,2.06,3.33,226
PROP0548,DLF Phase 2,3,3,Unfurnished,1169,1024,Studio,4,3,11,1,Yes,Yes,0.72,1.67,2.52,163
PROP0549,New Gurgaon,1,1,Fully-Furnished,2418,2113,Builder Floor,0,3,14,1,Yes,No,2.92,0.8,3.09,205
PROP0550,New Gurgaon,3,3,Unfurnished,2121,1593,Independent House,6,3,19,1,Yes,Yes,3.99,1.25,2.08,180
PROP0551,Sector 67,4,3,Semi-Furnished,1000,809,Builder Floor,10,3,4,2,No,Yes,2.82,1.6,0.69,98
PROP0552,DLF Phase 2,2,2,Semi-Furnished,2522,2130,Villa,4,2,16,1,Yes,Yes,4.96,1.3,2.39,353
PROP0553,Sector 57,4,3,Fully-Furnished,3294,2540,Villa,12,14,17,2,Yes,Yes,1.66,2.91,1.01,312
PROP0554,Sector 67,1,1,Unfurnished,838,708,Studio,14,5,11,1,Yes,Yes,0.94,2.4,1.49,82
PROP0555,Sector 67,1,1,Semi-Furnished,807,681,Independent House,12,14,20,2,Yes,Yes,0.3,1.49,0.74,79
PROP0556,Sector 56,2,2,Fully-Furnished,2035,1488,Villa,4,2,7,1,No,Yes,1.07,1.48,1.37,203
PROP0557,Sector 56,4,3,Semi-Furnished,2655,2042,Villa,14,2,3,1,No,No,3.38,1.33,2.07,265
PROP0558,DLF Phase 2,3,3,Semi-Furnished,2290,1684,Builder Floor,16,5,8,1,Yes,No,2.59,0.93,3.21,320
PROP0559,Sector 67,5,4,Fully-Furnished,1185,1057,Studio,18,3,17,1,Yes,Yes,2.89,2.36,0.51,116
PROP0560,DLF Phase 1,5,4,Fully-Furnished,2268,1728,Apartment,2,13,15,1,No,Yes,4.63,1.64,3.05,272
PROP0561,Sector 45,5,4,Semi-Furnished,2560,1826,Independent House,5,1,15,2,Yes,Yes,2.83,2.23,2.43,268
PROP0562,South City 2,1,1,Fully-Furnished,3214,2523,Villa,14,5,7,1,Yes,Yes,0.87,2,2.53,369
PROP0563,Sector 67,4,3,Semi-Furnished,1244,904,Independent House,4,0,1,1,Yes,Yes,2.13,2.3,2.92,121
PROP0564,Palam Vihar,1,1,Semi-Furnished,1555,1195,Independent House,6,14,17,1,Yes,Yes,3.11,1.57,0.94,143
PROP0565,Sector 45,4,3,Fully-Furnished,1559,1239,Independent House,20,1,22,2,Yes,Yes,2.89,1.91,1.76,163
PROP0566,Golf Course Road,4,3,Unfurnished,3344,2428,Studio,17,0,19,0,Yes,Yes,3.58,0.83,1.37,535
PROP0567,Sector 45,4,3,Semi-Furnished,3038,2657,Independent House,15,3,12,1,Yes,Yes,4.98,2.61,2.69,318
PROP0568,New Gurgaon,4,3,Fully-Furnished,3118,2752,Builder Floor,1,3,7,1,No,Yes,2.13,2.03,3.49,265
PROP0569,DLF Phase 3,3,3,Semi-Furnished,3365,2387,Builder Floor,5,0,6,2,No,Yes,0.59,0.74,0.94,437
PROP0570,Palam Vihar,2,2,Semi-Furnished,3369,2773,Apartment,14,5,17,0,No,Yes,0.84,2.77,2.87,309
PROP0571,Sushant Lok,2,2,Semi-Furnished,3273,2878,Independent House,3,0,10,2,Yes,Yes,1.76,2.02,1.03,360
PROP0572,New Gurgaon,2,2,Unfurnished,3094,2625,Studio,9,2,8,1,Yes,No,4.18,0.58,3.78,262
PROP0573,DLF Phase 2,5,4,Fully-Furnished,1852,1383,Builder Floor,7,11,15,1,Yes,Yes,1.39,2.75,2.99,259
PROP0574,Sector 57,4,3,Semi-Furnished,1537,1293,Villa,17,15,23,1,Yes,Yes,4.28,0.98,0.89,146
PROP0575,Sector 67,3,3,Unfurnished,3369,2638,Builder Floor,15,15,17,1,Yes,Yes,2.47,0.6,2.5,330
PROP0576,Sohna Road,5,4,Semi-Furnished,3135,2466,Apartment,11,13,15,1,Yes,Yes,4.43,2.28,3.14,282
PROP0577,Sector 45,1,1,Semi-Furnished,1925,1571,Builder Floor,12,9,12,2,Yes,Yes,3.53,2.41,0.57,202
PROP0578,Palam Vihar,4,3,Unfurnished,2110,1584,Apartment,4,6,24,1,No,No,0.77,2.44,3.21,194
PROP0579,Palam Vihar,1,1,Unfurnished,2120,1865,Builder Floor,5,2,10,1,Yes,No,0.6,1.73,0.56,195
PROP0580,South City 2,1,1,Semi-Furnished,1376,1146,Apartment,1,10,12,0,Yes,Yes,3.11,2.49,1.52,158
PROP0581,South City 2,4,3,Fully-Furnished,2301,1933,Studio,4,16,23,1,Yes,No,3.98,2.98,3.95,264
PROP0582,DLF Phase 2,1,1,Semi-Furnished,1613,1285,Independent House,9,5,6,1,Yes,No,0.58,1.31,1.04,225
PROP0583,MG Road,4,3,Fully-Furnished,2821,2119,Apartment,5,1,21,1,No,Yes,3.74,1.07,1.49,409
PROP0584,Sushant Lok,1,1,Unfurnished,1337,1095,Studio,0,7,25,1,No,No,1.98,1.01,1.53,147
PROP0585,Sector 57,5,4,Unfurnished,2500,2031,Independent House,15,5,25,2,No,Yes,3.92,2.49,1.76,237
PROP0586,New Gurgaon,5,4,Fully-Furnished,1471,1124,Independent House,6,13,17,2,Yes,Yes,2.33,2.17,1.96,125
PROP0587,South City 1,5,4,Unfurnished,3026,2716,Apartment,10,9,10,1,No,Yes,2.49,2.96,0.73,378
PROP0588,Sector 67,1,1,Unfurnished,3091,2305,Villa,0,12,13,2,Yes,Yes,3.57,2.04,1.69,302
PROP0589,South City 1,5,4,Semi-Furnished,2914,2384,Independent House,10,8,12,1,No,No,1.79,2.54,1.43,364
PROP0590,Sector 67,4,3,Fully-Furnished,649,473,Studio,12,1,3,2,Yes,Yes,2.61,2.84,3.61,63
PROP0591,New Gurgaon,2,2,Fully-Furnished,1846,1425,Independent House,3,2,6,1,Yes,No,4.92,1.8,3.66,156
PROP0592,South City 2,2,2,Semi-Furnished,1108,994,Studio,20,6,11,1,No,Yes,3.02,1.46,1.72,127
PROP0593,Palam Vihar,5,4,Fully-Furnished,928,777,Studio,13,0,2,1,Yes,Yes,4.75,1.57,3.62,85
PROP0594,Sector 45,1,1,Fully-Furnished,684,516,Builder Floor,9,4,5,1,Yes,Yes,3.05,2.84,2.73,71
PROP0595,DLF Phase 1,5,4,Semi-Furnished,3054,2435,Apartment,3,5,13,2,No,Yes,2.03,1.41,0.98,366
PROP0596,New Gurgaon,5,4,Semi-Furnished,1543,1215,Independent House,1,6,11,1,No,Yes,0.31,1.05,0.63,131
PROP0597,Sushant Lok,4,3,Unfurnished,3347,2790,Builder Floor,13,3,6,2,Yes,Yes,4.66,2.49,0.83,368
PROP0598,South City 2,5,4,Fully-Furnished,2083,1852,Studio,16,2,9,2,Yes,Yes,2.01,1.37,2.36,239
PROP0599,DLF Phase 1,5,4,Unfurnished,1650,1429,Villa,19,17,18,1,Yes,Yes,2.46,0.56,0.85,198
PROP0600,Sushant Lok,5,4,Semi-Furnished,1378,1193,Studio,19,14,16,0,No,Yes,2.06,1.86,1.11,151
PROP0601,DLF Phase 1,4,3,Semi-Furnished,3271,2697,Villa,0,6,25,1,Yes,Yes,2.6,2.44,0.6,392
PROP0602,Sector 45,5,4,Fully-Furnished,2486,1846,Apartment,11,5,22,1,Yes,Yes,0.63,2.85,3.5,261
PROP0603,Palam Vihar,4,3,Unfurnished,875,743,Studio,18,15,24,0,Yes,Yes,3.83,2.01,2.09,80
PROP0604,DLF Phase 3,1,1,Fully-Furnished,3101,2430,Villa,6,2,5,0,Yes,Yes,1.67,0.84,3.43,403
PROP0605,Sector 67,5,4,Semi-Furnished,1546,1347,Apartment,13,2,13,1,No,Yes,2.48,1.64,1.13,151
PROP0606,Sector 56,3,3,Fully-Furnished,3227,2800,Independent House,3,8,20,2,No,Yes,2.75,1.58,1.42,322
PROP0607,Sushant Lok,2,2,Semi-Furnished,2352,1838,Apartment,12,12,18,1,No,Yes,0.37,0.86,0.57,258
PROP0608,Sector 57,3,3,Unfurnished,2752,2301,Villa,6,0,1,2,Yes,Yes,4.31,1.23,1.9,261
PROP0609,South City 2,3,3,Fully-Furnished,2143,1832,Builder Floor,5,0,2,1,Yes,No,3.15,1.41,2.67,246
PROP0610,Sector 67,4,3,Unfurnished,1980,1659,Villa,16,1,23,1,Yes,Yes,0.23,2.76,1.43,194
PROP0611,Sector 67,2,2,Semi-Furnished,3466,2509,Builder Floor,16,5,13,1,No,Yes,1.59,2.02,3.04,339
PROP0612,Golf Course Road,2,2,Semi-Furnished,1107,915,Independent House,0,0,1,1,No,Yes,3.57,1.58,0.6,177
PROP0613,New Gurgaon,3,3,Unfurnished,2660,1983,Villa,12,7,9,1,Yes,Yes,3.82,2.64,0.61,226
PROP0614,Golf Course Road,5,4,Semi-Furnished,855,753,Builder Floor,4,19,21,1,Yes,No,4.47,2.33,2.33,136
PROP0615,DLF Phase 1,3,3,Fully-Furnished,921,774,Studio,17,2,3,1,Yes,No,4.47,1.29,1.35,110
PROP0616,Sector 45,2,2,Unfurnished,1645,1283,Apartment,6,5,14,1,No,Yes,2.18,2.03,2.6,172
PROP0617,MG Road,5,4,Unfurnished,1109,846,Villa,8,5,6,1,Yes,Yes,1.19,1.85,0.99,160
PROP0618,Sohna Road,4,3,Semi-Furnished,2866,2254,Independent House,10,20,23,1,Yes,Yes,0.37,0.57,2.81,257
PROP0619,Sushant Lok,3,3,Semi-Furnished,1465,1082,Villa,17,1,7,1,Yes,Yes,1.65,0.55,1.94,161
PROP0620,South City 1,5,4,Semi-Furnished,1843,1427,Apartment,14,4,16,1,No,Yes,3.79,2.97,3.46,230
PROP0621,Sector 57,1,1,Semi-Furnished,2962,2494,Villa,13,18,19,1,No,No,4.15,0.65,0.72,281
PROP0622,South City 1,2,2,Unfurnished,2364,1717,Builder Floor,3,3,11,2,Yes,Yes,3.64,0.64,2.12,295
PROP0623,Sector 57,1,1,Unfurnished,3493,2554,Villa,19,16,20,1,Yes,Yes,4.01,0.94,0.96,331
PROP0624,Sector 45,5,4,Semi-Furnished,2615,2059,Apartment,10,3,16,1,Yes,Yes,0.73,0.56,0.61,274
PROP0625,Sector 56,4,3,Semi-Furnished,3320,2891,Villa,10,23,25,2,Yes,Yes,1.95,1.42,1.48,332
PROP0626,DLF Phase 1,4,3,Unfurnished,2152,1561,Studio,17,2,19,1,No,Yes,3.57,1.22,2.91,258
PROP0627,DLF Phase 1,1,1,Semi-Furnished,2614,2224,Villa,17,4,15,1,No,No,2.63,2.74,1.24,313
PROP0628,DLF Phase 3,5,4,Unfurnished,2728,2440,Studio,13,9,13,1,Yes,Yes,3.48,1.16,1.92,354
PROP0629,Sector 57,3,3,Semi-Furnished,1120,834,Independent House,8,5,14,2,Yes,Yes,4.74,1.83,2.26,106
PROP0630,Sohna Road,3,3,Fully-Furnished,1864,1371,Independent House,4,22,23,1,No,No,1.29,0.72,2.24,167
PROP0631,MG Road,4,3,Unfurnished,1063,906,Builder Floor,8,8,15,2,No,Yes,1.62,0.54,1.48,154
PROP0632,MG Road,3,3,Semi-Furnished,2931,2509,Villa,20,4,13,2,Yes,No,2.7,0.7,2.55,424
PROP0633,Sector 67,4,3,Fully-Furnished,2899,2496,Studio,10,7,8,1,No,Yes,2.24,2.23,1.26,284
PROP0634,Palam Vihar,4,3,Fully-Furnished,1285,921,Villa,15,10,18,2,Yes,Yes,1.59,0.63,1.4,118
PROP0635,New Gurgaon,2,2,Semi-Furnished,2463,2049,Apartment,19,2,3,2,Yes,No,4.38,2.61,2.87,209
PROP0636,South City 2,3,3,Semi-Furnished,983,788,Apartment,2,0,21,1,Yes,Yes,3.89,1.17,3.43,113
PROP0637,New Gurgaon,4,3,Semi-Furnished,2568,2039,Builder Floor,8,0,16,1,Yes,No,3.42,1.51,3.04,218
PROP0638,South City 1,1,1,Unfurnished,2789,2012,Villa,10,14,17,1,Yes,Yes,0.94,1.85,3.04,348
PROP0639,New Gurgaon,5,4,Unfurnished,898,680,Apartment,12,4,8,2,No,Yes,0.92,1.57,1.26,76
PROP0640,MG Road,1,1,Unfurnished,1537,1169,Apartment,19,17,22,2,Yes,Yes,4.28,2.94,0.85,222
PROP0641,DLF Phase 3,3,3,Semi-Furnished,1865,1553,Builder Floor,13,6,20,1,Yes,Yes,4.38,2.8,0.9,242
PROP0642,South City 2,5,4,Semi-Furnished,1329,1076,Apartment,19,6,10,2,Yes,Yes,4.42,1,2.92,152
PROP0643,Sector 67,5,4,Fully-Furnished,2820,2171,Apartment,6,9,13,0,Yes,No,4.36,1.49,3.66,276
PROP0644,Sector 67,5,4,Fully-Furnished,3196,2305,Studio,7,2,5,1,Yes,Yes,2.06,0.98,2.74,313
PROP0645,MG Road,1,1,Unfurnished,2291,2050,Builder Floor,20,2,8,0,Yes,Yes,3.16,2.05,2.33,332
PROP0646,Sector 45,3,3,Semi-Furnished,1000,738,Builder Floor,18,8,9,1,Yes,Yes,4.57,0.98,3.75,105
PROP0647,DLF Phase 3,2,2,Fully-Furnished,2180,1641,Builder Floor,5,0,5,1,Yes,No,4.83,0.99,1.9,283
PROP0648,New Gurgaon,5,4,Fully-Furnished,1125,940,Independent House,20,0,2,1,Yes,Yes,0.71,1.17,1.28,95
PROP0649,New Gurgaon,2,2,Unfurnished,2496,1921,Independent House,10,7,23,1,Yes,Yes,3.79,0.98,2.02,212
PROP0650,MG Road,3,3,Unfurnished,1045,919,Builder Floor,20,1,2,1,No,Yes,1.59,0.81,0.99,151
PROP0651,DLF Phase 1,4,3,Unfurnished,1966,1703,Independent House,9,9,18,1,Yes,Yes,3.76,1.66,2.23,235
PROP0652,South City 1,2,2,Semi-Furnished,2203,1853,Studio,12,12,14,1,Yes,No,4.39,2.57,0.76,275
PROP0653,DLF Phase 2,1,1,Unfurnished,1170,954,Builder Floor,19,0,2,1,Yes,Yes,2.21,1.66,2.18,163
PROP0654,South City 1,1,1,Unfurnished,1473,1208,Villa,18,4,22,1,Yes,Yes,4.95,2.14,0.71,184
PROP0655,DLF Phase 1,3,3,Semi-Furnished,3315,2711,Villa,3,1,8,1,Yes,Yes,2.36,2.68,1.2,397
PROP0656,New Gurgaon,3,3,Unfurnished,1130,997,Villa,3,2,3,1,No,Yes,2.25,0.82,0.85,96
PROP0657,South City 1,4,3,Fully-Furnished,931,741,Villa,19,14,17,1,Yes,Yes,3.97,1.21,3.54,116
PROP0658,Sector 45,5,4,Unfurnished,2333,1840,Apartment,12,5,11,1,No,Yes,3.13,2.08,3.22,244
PROP0659,Sector 67,2,2,Semi-Furnished,3259,2558,Independent House,6,2,4,0,Yes,Yes,1.13,1.88,0.72,319
PROP0660,Sector 57,1,1,Unfurnished,2792,2122,Independent House,10,1,7,0,Yes,Yes,2.05,0.66,2.25,265
PROP0661,Sushant Lok,4,3,Fully-Furnished,1239,930,Independent House,6,1,15,1,Yes,Yes,2.76,2.62,2,136
PROP0662,South City 2,1,1,Semi-Furnished,2205,1916,Apartment,18,5,23,2,Yes,Yes,4.31,0.68,3.33,253
PROP0663,Golf Course Road,4,3,Unfurnished,2631,2359,Independent House,11,3,5,2,Yes,Yes,4.02,1.2,3.31,420
PROP0664,Sector 56,3,3,Semi-Furnished,2143,1532,Studio,10,16,23,1,Yes,Yes,1.96,0.53,2.79,214
PROP0665,Sector 67,1,1,Semi-Furnished,2689,2130,Independent House,17,6,7,2,Yes,No,0.9,1.21,2.29,263
PROP0666,Sector 67,5,4,Fully-Furnished,1329,1121,Builder Floor,19,3,5,1,Yes,Yes,0.85,2.37,1.86,130
PROP0667,Sector 57,3,3,Fully-Furnished,1102,836,Builder Floor,10,0,14,1,Yes,Yes,2.15,1.5,1.32,104
PROP0668,DLF Phase 2,3,3,Semi-Furnished,1908,1687,Studio,1,4,7,0,Yes,Yes,1.24,1.18,2.67,267
PROP0669,Sohna Road,1,1,Fully-Furnished,2553,2044,Apartment,16,9,10,1,Yes,Yes,1.66,0.9,2.15,229
PROP0670,DLF Phase 1,3,3,Unfurnished,1525,1296,Villa,19,0,5,1,No,Yes,0.65,0.74,0.96,183
PROP0671,Sector 57,5,4,Semi-Furnished,1560,1340,Studio,15,2,24,2,No,Yes,2.18,0.85,1.18,148
PROP0672,Palam Vihar,2,2,Fully-Furnished,938,670,Builder Floor,5,8,9,2,Yes,Yes,1.38,2.71,3.39,86
PROP0673,Sector 56,1,1,Unfurnished,2977,2470,Studio,15,0,4,1,Yes,No,0.56,1.65,2.39,297
PROP0674,Palam Vihar,1,1,Semi-Furnished,3170,2396,Independent House,0,3,6,2,Yes,Yes,4.53,2.68,3.68,291
PROP0675,Sector 57,4,3,Fully-Furnished,1402,1061,Independent House,6,2,9,1,Yes,Yes,4.91,2.11,1.19,133
PROP0676,Sushant Lok,5,4,Semi-Furnished,2350,1878,Independent House,19,10,15,1,Yes,Yes,4.27,2.57,2.28,258
PROP0677,Sushant Lok,1,1,Semi-Furnished,2281,1976,Builder Floor,8,3,21,1,Yes,Yes,3.17,0.95,1.05,250
PROP0678,Palam Vihar,1,1,Semi-Furnished,772,569,Studio,8,13,17,1,Yes,Yes,1.23,1.74,1.67,71
PROP0679,Sector 56,3,3,Fully-Furnished,1878,1408,Apartment,2,0,1,1,Yes,Yes,0.78,1.88,1.1,187
PROP0680,Sohna Road,3,3,Fully-Furnished,968,864,Independent House,1,0,4,2,Yes,Yes,4.69,2.29,2.52,87
PROP0681,Golf Course Road,1,1,Semi-Furnished,2192,1838,Villa,0,15,16,1,Yes,No,1.1,0.54,3.69,350
PROP0682,Sector 67,5,4,Unfurnished,1729,1348,Builder Floor,8,22,25,2,No,No,0.25,1.39,2.49,169
PROP0683,Golf Course Road,2,2,Unfurnished,2444,1745,Apartment,5,1,4,1,Yes,Yes,2.6,0.86,3.37,391
PROP0684,DLF Phase 2,4,3,Unfurnished,1940,1393,Builder Floor,16,0,1,2,Yes,Yes,2.98,0.66,3.24,271
PROP0685,Sohna Road,2,2,Semi-Furnished,2949,2653,Independent House,20,8,19,1,Yes,Yes,1.25,0.67,3.72,265
PROP0686,Golf Course Road,1,1,Semi-Furnished,1143,807,Villa,10,6,23,1,No,Yes,4.96,0.71,3.41,182
PROP0687,Sector 45,5,4,Fully-Furnished,2869,2235,Apartment,1,3,9,1,No,No,4.08,0.57,0.58,301
PROP0688,DLF Phase 2,3,3,Fully-Furnished,1086,816,Builder Floor,10,20,22,0,Yes,No,2.75,1.25,2.92,152
PROP0689,DLF Phase 3,4,3,Unfurnished,900,672,Builder Floor,19,6,16,1,Yes,Yes,4,1.49,3.2,117
PROP0690,DLF Phase 1,5,4,Semi-Furnished,850,613,Villa,13,11,12,1,Yes,Yes,4.48,0.86,3.51,102
PROP0691,South City 2,2,2,Fully-Furnished,1505,1129,Apartment,13,13,18,2,Yes,Yes,3.02,0.76,2.33,173
PROP0692,New Gurgaon,2,2,Unfurnished,692,496,Builder Floor,3,7,11,2,No,Yes,1.46,2.39,3.13,58
PROP0693,Sector 45,5,4,Unfurnished,2504,2087,Builder Floor,11,5,24,1,Yes,Yes,1.62,1.7,4,262
PROP0694,Palam Vihar,1,1,Semi-Furnished,3087,2683,Villa,12,7,13,2,Yes,No,0.94,1.94,0.7,284
PROP0695,Sector 57,2,2,Fully-Furnished,2057,1639,Independent House,9,0,1,2,Yes,Yes,4.22,2.47,3.01,195
PROP0696,DLF Phase 2,2,2,Unfurnished,3071,2434,Studio,2,2,16,2,Yes,Yes,2.01,1.6,1.98,429
PROP0697,DLF Phase 3,4,3,Semi-Furnished,2716,2041,Villa,3,1,2,1,Yes,Yes,3.8,2.34,1.4,353
PROP0698,South City 2,4,3,Semi-Furnished,1087,848,Studio,16,2,15,1,No,Yes,4.28,1.61,0.93,125
PROP0699,Sector 45,5,4,Unfurnished,1576,1216,Studio,8,11,14,2,Yes,Yes,4.65,2.79,2.57,165
PROP0700,Sector 45,4,3,Semi-Furnished,1906,1715,Villa,16,12,14,1,Yes,Yes,0.92,2.27,2.78,200
PROP0701,Palam Vihar,4,3,Semi-Furnished,3039,2654,Studio,5,0,3,1,Yes,No,2.74,1.6,3.8,279
PROP0702,South City 1,4,3,Semi-Furnished,3081,2322,Studio,16,5,14,2,Yes,No,4.81,1.06,0.7,385
PROP0703,Sector 57,2,2,Semi-Furnished,3498,2804,Studio,18,2,15,1,Yes,Yes,3.89,0.95,1.19,332
PROP0704,Golf Course Road,3,3,Semi-Furnished,1752,1426,Studio,20,10,12,1,Yes,No,2.86,0.98,3.44,280
PROP0705,Sohna Road,3,3,Fully-Furnished,680,491,Apartment,18,0,2,1,Yes,Yes,2.76,2.83,3.7,61
PROP0706,DLF Phase 3,1,1,Unfurnished,3117,2486,Studio,15,0,5,2,Yes,Yes,1.32,2.14,1.66,405
PROP0707,DLF Phase 1,4,3,Semi-Furnished,2197,1574,Independent House,14,3,6,1,Yes,Yes,2.12,2.33,2.06,263
PROP0708,DLF Phase 3,5,4,Semi-Furnished,1165,1013,Apartment,14,15,25,1,Yes,Yes,2.57,2.69,0.97,151
PROP0709,Sector 45,5,4,Fully-Furnished,2319,2000,Independent House,7,4,24,1,Yes,Yes,4.53,0.61,2.89,243
PROP0710,Sushant Lok,1,1,Semi-Furnished,3429,2700,Builder Floor,9,7,16,1,Yes,Yes,4.21,1.66,0.92,377
PROP0711,Sohna Road,2,2,Unfurnished,1992,1397,Builder Floor,14,3,6,1,Yes,Yes,3.09,0.52,1.11,179
PROP0712,South City 2,5,4,Semi-Furnished,2585,2236,Independent House,14,2,5,1,No,Yes,2.39,0.98,3.84,297
PROP0713,Sushant Lok,3,3,Fully-Furnished,1429,1257,Villa,2,2,5,1,Yes,Yes,0.43,1.71,2.45,157
PROP0714,DLF Phase 2,3,3,Semi-Furnished,988,856,Independent House,7,23,25,1,Yes,No,2.19,1.82,2.3,138
PROP0715,Sushant Lok,2,2,Fully-Furnished,3335,2357,Builder Floor,4,4,5,0,No,Yes,2.15,2.59,3.37,366
PROP0716,DLF Phase 2,2,2,Unfurnished,2811,2031,Apartment,3,2,13,1,No,Yes,3.18,1.36,1.97,393
PROP0717,New Gurgaon,5,4,Fully-Furnished,805,618,Independent House,8,2,7,1,Yes,Yes,3.03,1.7,3.75,68
PROP0718,New Gurgaon,2,2,Fully-Furnished,1098,787,Builder Floor,3,6,15,2,Yes,Yes,3.74,2.33,1.95,93
PROP0719,South City 2,3,3,Semi-Furnished,1965,1540,Builder Floor,5,0,1,2,Yes,No,4.3,1.23,1.1,225
PROP0720,Sector 56,2,2,Fully-Furnished,2522,2143,Villa,8,1,4,2,No,Yes,0.41,0.86,0.61,252
PROP0721,MG Road,5,4,Unfurnished,3136,2594,Studio,1,15,24,1,No,Yes,0.29,2.22,2.67,454
PROP0722,Sector 67,3,3,Fully-Furnished,1742,1405,Apartment,14,3,16,1,Yes,Yes,3.56,1.7,3.62,170
PROP0723,Sohna Road,1,1,Fully-Furnished,2023,1613,Independent House,3,2,21,2,Yes,Yes,0.46,1.17,2.24,182
PROP0724,South City 1,2,2,Unfurnished,1587,1287,Studio,16,0,1,1,Yes,Yes,2.17,1.08,3.14,198
PROP0725,New Gurgaon,3,3,Semi-Furnished,1140,859,Independent House,11,3,13,1,Yes,Yes,2.42,2.1,3.5,96
PROP0726,South City 1,1,1,Semi-Furnished,1682,1512,Studio,17,18,24,0,Yes,Yes,3.98,1.63,3.35,210
PROP0727,South City 1,3,3,Unfurnished,1268,965,Villa,10,7,21,2,No,No,3.93,2.18,1.81,158
PROP0728,Golf Course Road,5,4,Semi-Furnished,2181,1956,Apartment,13,4,21,0,Yes,Yes,4.45,2.68,1.78,348
PROP0729,Palam Vihar,1,1,Unfurnished,2711,2437,Studio,5,8,12,0,No,Yes,2.41,2.71,3.04,249
PROP0730,New Gurgaon,4,3,Semi-Furnished,2239,1840,Independent House,8,5,14,2,Yes,Yes,4.73,1.61,2.62,190
PROP0731,New Gurgaon,1,1,Semi-Furnished,1401,1002,Builder Floor,18,5,11,1,Yes,Yes,3.4,0.77,2.41,119
PROP0732,Golf Course Road,4,3,Fully-Furnished,3221,2562,Independent House,16,12,22,1,Yes,No,1.8,1.28,3.42,515
PROP0733,Sector 45,3,3,Unfurnished,2612,1876,Apartment,3,2,3,2,Yes,Yes,1.26,2.12,0.83,274
PROP0734,Sector 56,1,1,Fully-Furnished,1538,1200,Studio,16,10,24,2,Yes,Yes,1.34,2.14,2.66,153
PROP0735,MG Road,2,2,Semi-Furnished,3345,2977,Studio,10,4,14,1,Yes,Yes,0.24,2.2,3.36,485
PROP0736,Sector 67,3,3,Semi-Furnished,2508,1996,Apartment,16,11,13,1,Yes,Yes,3.87,1.11,3.15,245
PROP0737,Sector 45,1,1,Unfurnished,2134,1902,Independent House,18,13,20,1,Yes,Yes,2.08,0.95,3.85,224
PROP0738,Sector 56,2,2,Unfurnished,2888,2317,Apartment,17,13,21,1,Yes,Yes,0.34,1.61,1.13,288
PROP0739,MG Road,5,4,Unfurnished,1447,1054,Apartment,1,4,10,1,Yes,Yes,0.73,2.86,1.73,209
PROP0740,South City 1,1,1,Semi-Furnished,1886,1650,Builder Floor,13,7,11,1,Yes,Yes,3.17,2.78,3.29,235
PROP0741,DLF Phase 1,3,3,Unfurnished,652,511,Builder Floor,16,12,16,1,No,No,3.98,2.51,2.55,78
PROP0742,South City 2,1,1,Semi-Furnished,1017,772,Villa,4,3,13,1,No,Yes,3.39,2.14,2.78,116
PROP0743,DLF Phase 2,5,4,Fully-Furnished,2633,2192,Villa,7,3,4,2,Yes,Yes,4.82,2.36,3.78,368
PROP0744,DLF Phase 3,1,1,Fully-Furnished,710,601,Independent House,17,0,2,1,Yes,Yes,3.64,1.96,3.6,92
PROP0745,Palam Vihar,3,3,Fully-Furnished,1166,987,Independent House,6,2,3,1,Yes,No,3.1,1.8,1.87,107
PROP0746,Sector 67,2,2,Semi-Furnished,3427,2984,Studio,3,8,19,2,No,Yes,4.28,1.12,1.06,335
PROP0747,South City 1,5,4,Semi-Furnished,2958,2490,Independent House,9,6,11,2,Yes,Yes,3.19,2.93,3.01,369
PROP0748,MG Road,4,3,Fully-Furnished,2969,2406,Studio,4,9,10,1,No,Yes,3.6,1.53,3.29,430
PROP0749,Sushant Lok,5,4,Unfurnished,2453,1946,Studio,0,14,22,1,Yes,No,3.53,0.51,3.45,269
PROP0750,Sector 57,2,2,Semi-Furnished,1950,1468,Studio,20,2,5,2,Yes,Yes,3.92,2.49,3.27,185
PROP0751,Sushant Lok,1,1,Fully-Furnished,3007,2361,Villa,7,12,19,1,Yes,Yes,3.92,0.87,1.6,330
PROP0752,DLF Phase 2,2,2,Fully-Furnished,916,752,Studio,10,3,7,1,No,No,2.47,1.66,2.55,128
PROP0753,Sohna Road,3,3,Semi-Furnished,1301,1000,Builder Floor,2,2,11,1,No,No,1.79,2.27,1.09,117
PROP0754,Sector 57,3,3,Fully-Furnished,2305,1662,Studio,10,1,3,2,Yes,Yes,2.99,2.38,3.88,218
PROP0755,South City 1,1,1,Semi-Furnished,2173,1571,Apartment,0,0,1,2,Yes,Yes,0.53,2.51,3.57,271
PROP0756,New Gurgaon,5,4,Unfurnished,1902,1393,Villa,17,13,25,2,Yes,Yes,0.22,2.83,1.71,161
PROP0757,DLF Phase 1,4,3,Unfurnished,1110,937,Builder Floor,13,1,4,1,Yes,Yes,2.19,0.88,3.03,133
PROP0758,DLF Phase 1,5,4,Fully-Furnished,1347,1023,Apartment,3,5,15,1,Yes,Yes,1.79,1.64,3.47,161
PROP0759,Sector 67,3,3,Fully-Furnished,2510,2113,Apartment,4,1,2,1,Yes,Yes,2.85,2.49,1.47,245
PROP0760,New Gurgaon,2,2,Fully-Furnished,3409,2588,Independent House,7,17,24,1,Yes,Yes,1.5,1.21,1.67,289
PROP0761,New Gurgaon,2,2,Fully-Furnished,965,681,Villa,17,5,15,0,Yes,Yes,1.6,2.79,3.35,82
PROP0762,South City 1,4,3,Fully-Furnished,1370,1084,Independent House,12,3,4,2,No,Yes,1.71,0.9,3.07,171
PROP0763,DLF Phase 2,2,2,Fully-Furnished,1026,880,Villa,12,0,24,1,Yes,No,4.85,2.06,3.76,143
PROP0764,South City 1,1,1,Unfurnished,1418,1257,Villa,3,9,16,1,Yes,No,2.78,0.86,3.97,177
PROP0765,Sector 56,4,3,Semi-Furnished,2793,2163,Villa,6,1,18,2,No,Yes,2.9,2.95,0.55,279
PROP0766,South City 1,5,4,Fully-Furnished,2152,1508,Independent House,5,8,9,1,Yes,No,1.41,2.01,1.3,269
PROP0767,MG Road,2,2,Semi-Furnished,1772,1563,Studio,5,2,12,2,Yes,Yes,3.83,1.6,3.01,256
PROP0768,Golf Course Road,4,3,Semi-Furnished,799,649,Independent House,3,7,24,2,Yes,Yes,3.99,2.72,0.63,127
PROP0769,DLF Phase 3,4,3,Fully-Furnished,3127,2307,Studio,7,4,7,1,Yes,Yes,3.3,1.07,3.32,406
PROP0770,Sector 67,2,2,Unfurnished,853,699,Studio,19,3,8,2,Yes,Yes,4.11,1.86,3.01,83
PROP0771,DLF Phase 3,4,3,Fully-Furnished,1321,1187,Apartment,17,4,8,1,Yes,Yes,1,2.86,3.33,171
PROP0772,Sector 67,2,2,Semi-Furnished,2007,1513,Studio,11,1,3,1,Yes,No,2.2,0.75,2.94,196
PROP0773,Sector 67,3,3,Unfurnished,1674,1358,Builder Floor,18,1,2,2,No,No,1.98,1.99,3.81,164
PROP0774,South City 2,2,2,Unfurnished,677,508,Independent House,2,2,8,2,No,Yes,1.22,1.62,3.1,77
PROP0775,MG Road,3,3,Semi-Furnished,981,731,Villa,9,7,18,1,No,Yes,0.88,0.91,1.55,142
PROP0776,DLF Phase 1,5,4,Fully-Furnished,906,703,Builder Floor,9,1,2,1,No,Yes,2.21,1.04,2.45,108
PROP0777,Sushant Lok,4,3,Fully-Furnished,1217,1051,Studio,17,19,21,1,Yes,Yes,4.3,2.46,0.98,133
PROP0778,Sector 45,3,3,Fully-Furnished,3094,2467,Studio,3,0,4,1,No,Yes,0.41,0.88,2.33,324
PROP0779,South City 2,3,3,Unfurnished,2979,2537,Villa,1,5,8,2,Yes,Yes,4.14,0.68,2.48,342
PROP0780,DLF Phase 2,2,2,Fully-Furnished,739,552,Studio,20,1,3,1,No,Yes,1.44,1.25,0.94,103
PROP0781,DLF Phase 2,2,2,Fully-Furnished,685,548,Builder Floor,7,2,14,1,Yes,Yes,2.34,1.25,2.16,95
PROP0782,MG Road,5,4,Semi-Furnished,2224,1685,Builder Floor,12,2,5,2,No,Yes,0.47,1.04,3.73,322
PROP0783,Sector 57,3,3,Fully-Furnished,1826,1450,Studio,11,2,5,0,No,No,2.71,1.91,1.96,173
PROP0784,New Gurgaon,3,3,Semi-Furnished,2540,1877,Builder Floor,18,0,6,1,Yes,Yes,0.34,0.7,2.9,215
PROP0785,Sector 57,3,3,Fully-Furnished,837,646,Villa,7,13,15,1,Yes,Yes,4.74,1.78,2.51,79
PROP0786,New Gurgaon,3,3,Fully-Furnished,705,498,Apartment,9,2,4,1,No,Yes,4.41,1.29,1.35,59
PROP0787,Sector 57,3,3,Semi-Furnished,1644,1455,Builder Floor,5,0,2,2,No,Yes,1.5,2.4,3.72,156
PROP0788,DLF Phase 1,1,1,Fully-Furnished,2296,1836,Builder Floor,10,8,10,1,Yes,Yes,1.2,2.99,3.56,275
PROP0789,South City 2,2,2,Semi-Furnished,1860,1490,Apartment,18,5,17,2,Yes,Yes,3.87,1.06,1.22,213
PROP0790,Sector 56,4,3,Semi-Furnished,934,670,Apartment,1,2,6,1,Yes,Yes,0.44,1.01,2.91,93
PROP0791,MG Road,3,3,Unfurnished,1729,1396,Independent House,3,4,5,1,Yes,Yes,2.17,2.51,3.58,250
PROP0792,South City 2,5,4,Fully-Furnished,3084,2662,Builder Floor,20,3,11,1,No,Yes,0.22,2.41,3.18,354
PROP0793,Sushant Lok,2,2,Unfurnished,2070,1709,Builder Floor,17,5,10,1,No,Yes,0.51,0.6,1.94,227
PROP0794,Sector 67,4,3,Unfurnished,2205,1685,Independent House,1,8,17,2,Yes,No,4.76,1.25,1.14,216
PROP0795,Golf Course Road,2,2,Semi-Furnished,3388,2375,Independent House,18,9,11,2,Yes,Yes,2.53,0.69,1.4,542
PROP0796,South City 1,4,3,Semi-Furnished,2421,2048,Studio,1,7,20,1,No,Yes,1,1.85,0.8,302
PROP0797,MG Road,2,2,Semi-Furnished,719,566,Independent House,18,5,16,1,No,Yes,2.92,1.36,3.25,104
PROP0798,MG Road,2,2,Semi-Furnished,766,630,Builder Floor,7,9,25,0,Yes,Yes,1.28,1.49,0.52,111
PROP0799,DLF Phase 3,1,1,Fully-Furnished,2100,1648,Apartment,18,4,6,2,No,Yes,1.34,2.39,0.75,273
PROP0800,DLF Phase 1,2,2,Fully-Furnished,711,605,Independent House,16,19,20,1,Yes,Yes,3.74,1.46,3.44,85
PROP0801,South City 1,5,4,Fully-Furnished,778,688,Apartment,16,12,24,1,Yes,Yes,2.69,1.16,2.21,97
PROP0802,DLF Phase 2,4,3,Unfurnished,2222,1759,Villa,0,7,12,1,No,Yes,2.89,0.61,1.99,311
PROP0803,Palam Vihar,4,3,Unfurnished,981,786,Villa,19,0,22,1,Yes,Yes,4.42,0.52,3.99,90
PROP0804,DLF Phase 3,1,1,Unfurnished,2337,1836,Independent House,16,13,16,2,Yes,Yes,4.03,1.01,2.2,303
PROP0805,DLF Phase 1,2,2,Fully-Furnished,1171,1005,Builder Floor,0,20,22,1,Yes,Yes,1.01,0.71,3.91,140
PROP0806,Sector 57,4,3,Unfurnished,1380,1187,Studio,7,7,22,2,No,Yes,0.27,0.69,0.91,131
PROP0807,MG Road,4,3,Fully-Furnished,1115,991,Studio,3,0,5,1,No,Yes,1.96,2.92,1.75,161
PROP0808,Sector 67,5,4,Fully-Furnished,2619,1886,Apartment,15,5,6,2,No,Yes,2.03,1.07,3.48,256
PROP0809,South City 2,5,4,Unfurnished,3052,2398,Independent House,15,10,13,2,No,Yes,4.92,0.99,0.57,350
PROP0810,South City 2,5,4,Semi-Furnished,1660,1300,Studio,5,8,23,0,Yes,Yes,3.15,0.85,2.35,190
PROP0811,Sector 56,5,4,Unfurnished,2006,1457,Independent House,18,4,11,1,Yes,Yes,1.29,2.45,3.1,200
PROP0812,South City 1,4,3,Semi-Furnished,1908,1631,Villa,2,0,12,1,Yes,Yes,4.97,1.4,1.97,238
PROP0813,New Gurgaon,5,4,Semi-Furnished,900,683,Builder Floor,20,11,16,1,Yes,Yes,0.63,0.99,2.43,76
PROP0814,New Gurgaon,3,3,Fully-Furnished,3414,3049,Villa,11,13,14,2,Yes,Yes,4.82,2.39,2.25,290
PROP0815,South City 2,4,3,Semi-Furnished,2274,1722,Apartment,18,11,17,1,Yes,No,2.9,2.81,2.87,261
PROP0816,South City 1,1,1,Semi-Furnished,2716,2324,Villa,8,8,18,1,Yes,Yes,4.84,1.52,3.7,339
PROP0817,DLF Phase 3,4,3,Semi-Furnished,1881,1337,Apartment,10,0,1,2,No,Yes,0.73,0.94,2.27,244
PROP0818,DLF Phase 2,4,3,Semi-Furnished,2285,1999,Villa,18,9,15,1,No,Yes,1.43,2.59,1.7,319
PROP0819,South City 2,3,3,Fully-Furnished,1450,1092,Studio,4,0,2,1,Yes,Yes,1.8,2.14,1.68,166
PROP0820,Golf Course Road,3,3,Semi-Furnished,1880,1462,Independent House,1,0,17,2,Yes,Yes,3.1,2.09,3.21,300
PROP0821,DLF Phase 2,5,4,Unfurnished,1702,1512,Builder Floor,10,11,18,2,Yes,Yes,3.25,2.25,3.35,238
PROP0822,Sector 56,4,3,Unfurnished,2349,1812,Independent House,13,9,10,2,No,No,0.74,1.89,1.13,234
PROP0823,Sector 57,5,4,Unfurnished,2579,2072,Builder Floor,14,13,21,2,Yes,Yes,2.25,1.03,1.62,245
PROP0824,South City 1,5,4,Unfurnished,2794,2090,Villa,19,18,21,0,Yes,Yes,3.27,1.24,2.07,349
PROP0825,Sector 56,5,4,Semi-Furnished,1786,1387,Builder Floor,0,12,13,2,Yes,Yes,0.24,2.39,3.39,178
PROP0826,South City 2,3,3,Unfurnished,1311,966,Villa,14,5,14,1,Yes,No,3.88,0.57,2.14,150
PROP0827,Palam Vihar,2,2,Unfurnished,1094,825,Studio,11,5,24,0,Yes,Yes,2.25,1.82,0.67,100
PROP0828,Golf Course Road,4,3,Unfurnished,2918,2112,Studio,1,15,23,1,Yes,Yes,4.65,2.75,0.63,466
PROP0829,DLF Phase 2,2,2,Semi-Furnished,3346,2507,Villa,13,1,4,2,No,No,0.77,2.59,3.63,468
PROP0830,Sector 67,3,3,Fully-Furnished,1358,1087,Apartment,1,2,4,1,Yes,Yes,1.47,1.88,1.8,133
PROP0831,South City 1,1,1,Unfurnished,1468,1129,Studio,7,13,18,2,Yes,Yes,4.23,2.22,1.98,183
PROP0832,Golf Course Road,4,3,Semi-Furnished,1895,1692,Apartment,5,9,14,1,Yes,No,3.28,2.9,0.75,303
PROP0833,South City 2,4,3,Fully-Furnished,3101,2488,Studio,16,16,22,1,No,Yes,0.5,2.98,2.46,356
PROP0834,Sector 45,1,1,Unfurnished,2861,2210,Apartment,8,4,22,1,Yes,No,3.16,1.71,0.64,300
PROP0835,New Gurgaon,5,4,Unfurnished,1503,1111,Studio,10,1,5,1,No,Yes,4.52,2.86,1.13,127
PROP0836,Sushant Lok,4,3,Unfurnished,1856,1557,Villa,16,10,14,1,No,Yes,2.48,1.3,1.1,204
PROP0837,Sector 57,5,4,Unfurnished,2770,2122,Independent House,15,8,23,1,No,Yes,2.26,1.64,2.4,263
PROP0838,Sector 57,3,3,Semi-Furnished,3200,2425,Studio,18,4,8,0,Yes,Yes,2.34,1.97,2.94,304
PROP0839,Golf Course Road,5,4,Semi-Furnished,1786,1265,Apartment,12,2,13,1,Yes,Yes,2.84,1.13,2.72,285
PROP0840,Sushant Lok,5,4,Fully-Furnished,2390,1714,Builder Floor,10,13,18,2,Yes,Yes,0.83,2.1,2.56,262
PROP0841,Sector 45,5,4,Semi-Furnished,1873,1490,Villa,9,15,23,1,Yes,Yes,4.61,2.18,2.51,196
PROP0842,Sushant Lok,2,2,Fully-Furnished,1224,928,Apartment,15,12,22,1,Yes,Yes,2.8,1.07,3.57,134
PROP0843,Sohna Road,2,2,Semi-Furnished,936,672,Apartment,9,4,15,2,Yes,Yes,3.92,1.12,3.56,84
PROP0844,DLF Phase 3,1,1,Fully-Furnished,1276,1080,Studio,4,0,4,1,No,Yes,3.95,2.59,3.68,165
PROP0845,Palam Vihar,2,2,Semi-Furnished,2631,2091,Studio,11,4,5,1,Yes,Yes,2.53,1.19,2.3,242
PROP0846,New Gurgaon,2,2,Semi-Furnished,1390,1211,Apartment,1,13,15,2,Yes,Yes,1.76,0.6,1.64,118
PROP0847,South City 1,4,3,Fully-Furnished,1181,870,Builder Floor,2,19,24,1,Yes,Yes,4.73,2.2,0.96,147
PROP0848,South City 1,1,1,Unfurnished,3001,2636,Villa,13,0,3,2,Yes,Yes,2.78,2.55,3.98,375
PROP0849,DLF Phase 2,3,3,Semi-Furnished,968,807,Villa,14,0,1,1,Yes,Yes,4.28,1.12,1.11,135
PROP0850,DLF Phase 1,2,2,Fully-Furnished,3365,2711,Villa,6,3,14,1,No,Yes,2.27,2.05,2.4,403
PROP0851,Sector 67,2,2,Fully-Furnished,3058,2511,Builder Floor,14,3,7,2,Yes,No,0.48,2.51,2.27,299
PROP0852,Sector 56,4,3,Fully-Furnished,655,578,Apartment,15,17,18,1,Yes,Yes,1.44,1.78,2.61,65
PROP0853,DLF Phase 2,1,1,Fully-Furnished,3264,2797,Builder Floor,16,16,17,2,Yes,Yes,1.71,2.1,3.02,456
PROP0854,DLF Phase 3,1,1,Fully-Furnished,1631,1405,Studio,5,1,3,0,No,Yes,4.97,0.56,3.65,212
PROP0855,Sector 56,2,2,Unfurnished,1224,943,Independent House,0,5,15,0,Yes,Yes,2.23,1.96,3.88,122
PROP0856,Sushant Lok,3,3,Semi-Furnished,2069,1781,Independent House,14,0,10,0,No,Yes,1.31,1.98,2.43,227
PROP0857,Sushant Lok,1,1,Semi-Furnished,630,560,Independent House,6,14,20,1,No,Yes,2.26,1.61,1.5,69
PROP0858,Sector 57,2,2,Semi-Furnished,1961,1656,Independent House,16,3,5,1,No,Yes,3.79,2.81,2.51,186
PROP0859,Sohna Road,5,4,Semi-Furnished,813,570,Apartment,15,16,18,0,Yes,Yes,1.87,1.48,2.37,73
PROP0860,Sector 57,1,1,Unfurnished,1460,1181,Villa,9,1,5,2,Yes,Yes,3.55,1.33,2.19,138
PROP0861,Golf Course Road,3,3,Unfurnished,1141,1010,Independent House,5,10,13,2,No,Yes,4.81,2.45,1.01,182
PROP0862,Sushant Lok,1,1,Fully-Furnished,2513,1969,Studio,11,9,18,0,Yes,Yes,1.75,0.59,2.27,276
PROP0863,DLF Phase 1,2,2,Fully-Furnished,3147,2692,Independent House,10,0,4,1,Yes,Yes,4.29,2.47,1.47,377
PROP0864,Sector 45,4,3,Unfurnished,1940,1696,Apartment,9,2,7,1,Yes,Yes,2.28,2.63,1.56,203
PROP0865,Golf Course Road,2,2,Semi-Furnished,907,638,Studio,12,3,25,1,No,Yes,2.06,1.34,1.16,145
PROP0866,Palam Vihar,4,3,Unfurnished,741,592,Apartment,14,11,24,1,Yes,Yes,0.88,1.15,1.02,68
PROP0867,New Gurgaon,4,3,Fully-Furnished,1107,811,Studio,20,7,15,1,Yes,Yes,1.13,2.29,2.99,94
PROP0868,Sushant Lok,5,4,Fully-Furnished,987,736,Apartment,18,1,4,1,No,Yes,0.34,1.78,2.69,108
PROP0869,MG Road,1,1,Unfurnished,2808,2486,Apartment,15,11,24,2,Yes,Yes,4.41,0.74,1.98,407
PROP0870,South City 1,2,2,Fully-Furnished,1420,1246,Studio,0,16,24,2,Yes,Yes,3.19,1.83,0.84,177
PROP0871,MG Road,1,1,Unfurnished,2294,1676,Studio,13,9,14,1,No,Yes,0.23,2.3,0.89,332
PROP0872,Sector 67,1,1,Semi-Furnished,2195,1778,Independent House,11,4,11,1,Yes,Yes,4.89,1.43,0.85,215
PROP0873,South City 2,5,4,Fully-Furnished,3045,2168,Villa,5,16,18,1,Yes,No,0.23,2.77,2.28,350
PROP0874,Palam Vihar,2,2,Semi-Furnished,1741,1252,Studio,9,1,11,2,Yes,Yes,3.6,1.02,0.74,160
PROP0875,MG Road,4,3,Semi-Furnished,680,591,Apartment,13,0,4,1,No,Yes,3.76,2.71,1.39,98
PROP0876,Sohna Road,3,3,Fully-Furnished,2079,1589,Independent House,2,4,5,1,Yes,Yes,3.76,1.67,2.26,187
PROP0877,DLF Phase 1,1,1,Semi-Furnished,1336,1083,Independent House,17,18,20,2,Yes,Yes,1.79,1.15,1.66,160
PROP0878,Golf Course Road,3,3,Semi-Furnished,3031,2654,Villa,13,4,7,2,No,Yes,1,1.28,1.78,484
PROP0879,DLF Phase 1,1,1,Fully-Furnished,3344,2429,Builder Floor,15,0,14,0,Yes,Yes,3.31,0.57,3.05,401
PROP0880,Palam Vihar,2,2,Fully-Furnished,3163,2782,Apartment,2,2,6,1,Yes,No,1.8,2.53,2.19,290
PROP0881,DLF Phase 3,3,3,Unfurnished,1119,866,Apartment,0,17,25,2,No,No,3.91,1.35,2.95,145
PROP0882,Sector 56,1,1,Fully-Furnished,3144,2628,Studio,19,1,4,0,Yes,No,0.4,2.52,3.47,314
PROP0883,Sushant Lok,4,3,Fully-Furnished,734,596,Studio,20,15,18,1,Yes,No,4.34,2.43,0.97,80
PROP0884,DLF Phase 3,3,3,Unfurnished,3249,2733,Studio,13,2,3,1,No,No,1.65,0.68,0.88,422
PROP0885,New Gurgaon,3,3,Semi-Furnished,1155,989,Builder Floor,20,6,13,1,Yes,No,3.66,2.09,0.91,98
PROP0886,Sohna Road,4,3,Semi-Furnished,1631,1278,Independent House,11,5,11,1,Yes,Yes,0.71,2.1,0.96,146
PROP0887,New Gurgaon,5,4,Fully-Furnished,1652,1412,Studio,9,21,22,2,No,Yes,4.82,0.95,3.4,140
PROP0888,Sector 57,2,2,Semi-Furnished,2989,2159,Independent House,3,15,21,2,Yes,Yes,4.6,1.08,3.96,283
PROP0889,Palam Vihar,2,2,Semi-Furnished,2646,2079,Builder Floor,8,9,22,0,No,Yes,1.87,0.6,1.97,243
PROP0890,DLF Phase 2,2,2,Fully-Furnished,2251,1916,Apartment,4,6,9,2,Yes,Yes,1.16,2.58,1.79,315
PROP0891,Palam Vihar,2,2,Semi-Furnished,1877,1334,Builder Floor,8,5,11,2,No,Yes,3.98,1.17,1.04,172
PROP0892,Sector 67,4,3,Semi-Furnished,1252,936,Apartment,10,13,20,2,Yes,Yes,2.5,1.06,3.61,122
PROP0893,South City 2,2,2,Fully-Furnished,1357,1041,Villa,7,3,5,1,Yes,No,2.76,2.29,0.9,156
PROP0894,Sector 45,1,1,Unfurnished,2587,2164,Studio,2,11,16,1,No,Yes,1.82,2.92,0.93,271
PROP0895,Sushant Lok,5,4,Unfurnished,2593,1975,Studio,3,7,8,1,Yes,Yes,1.38,0.73,3.37,285
PROP0896,Sector 57,3,3,Semi-Furnished,3063,2395,Villa,4,6,9,1,Yes,No,2.79,2.47,3.44,290
PROP0897,DLF Phase 1,3,3,Semi-Furnished,2657,1922,Builder Floor,20,8,21,1,Yes,Yes,2.23,2.98,0.94,318
PROP0898,Palam Vihar,3,3,Semi-Furnished,2413,2087,Studio,19,5,8,0,Yes,Yes,1.13,2.36,3.02,221
PROP0899,Sushant Lok,1,1,Fully-Furnished,1299,1108,Apartment,17,7,13,2,No,Yes,2.43,2.11,2.14,142
PROP0900,DLF Phase 1,2,2,Semi-Furnished,2347,2001,Apartment,14,4,16,1,No,Yes,1.03,0.55,3.46,281
PROP0901,Sushant Lok,3,3,Fully-Furnished,2227,1722,Builder Floor,5,6,23,1,Yes,Yes,1.36,1.33,1.48,244
PROP0902,New Gurgaon,3,3,Fully-Furnished,3058,2623,Studio,19,3,19,1,Yes,No,1.58,0.8,3.62,259
PROP0903,Sector 56,1,1,Semi-Furnished,1324,1135,Studio,3,2,3,2,Yes,Yes,0.85,0.5,2.25,132
PROP0904,DLF Phase 1,2,2,Unfurnished,3477,3092,Independent House,11,2,4,2,No,Yes,0.88,1.09,2.62,417
PROP0905,Sector 56,2,2,Fully-Furnished,1583,1421,Villa,3,3,4,1,No,Yes,0.35,0.76,0.64,158
PROP0906,South City 1,1,1,Semi-Furnished,3269,2776,Apartment,0,4,14,2,Yes,Yes,4.32,0.66,2.95,408
PROP0907,Sector 67,4,3,Fully-Furnished,2585,2016,Independent House,7,14,15,1,Yes,Yes,1.72,2.08,2.62,253
PROP0908,Sector 56,4,3,Semi-Furnished,1646,1466,Villa,19,18,24,1,Yes,Yes,2.68,1.74,3.97,164
PROP0909,DLF Phase 1,1,1,Semi-Furnished,2165,1886,Builder Floor,5,10,21,1,No,Yes,1.71,1.68,2.28,259
PROP0910,Sohna Road,1,1,Semi-Furnished,1974,1426,Studio,5,0,1,1,Yes,Yes,2.38,1.32,3.79,177
PROP0911,South City 2,2,2,Unfurnished,1678,1373,Independent House,16,14,20,1,No,No,3.25,1.39,3.72,192
PROP0912,Sector 57,3,3,Semi-Furnished,1305,1006,Builder Floor,4,6,15,1,Yes,No,2.85,2.11,1.99,123
PROP0913,South City 2,2,2,Unfurnished,1557,1301,Apartment,20,17,18,1,Yes,No,2.24,0.87,1.13,179
PROP0914,New Gurgaon,2,2,Fully-Furnished,2043,1808,Builder Floor,16,3,16,1,Yes,No,1.79,2.45,3.51,173
PROP0915,Sector 45,3,3,Unfurnished,1385,1131,Villa,13,4,8,1,Yes,No,3.23,2.38,1.32,145
PROP0916,Sohna Road,4,3,Unfurnished,3120,2672,Villa,12,5,8,1,No,Yes,2.86,2.95,0.62,280
PROP0917,MG Road,5,4,Fully-Furnished,2916,2531,Builder Floor,8,8,9,0,No,No,3.22,1.82,3.37,422
PROP0918,Sector 45,4,3,Fully-Furnished,2630,2098,Apartment,20,11,21,2,Yes,Yes,1.6,1.4,2.55,276
PROP0919,Sector 67,2,2,Semi-Furnished,1004,734,Villa,7,18,20,1,Yes,No,4.52,1.54,2.52,98
PROP0920,Sector 56,3,3,Unfurnished,1649,1197,Independent House,18,12,17,2,Yes,Yes,2.73,1.53,3.93,164
PROP0921,South City 2,5,4,Semi-Furnished,910,759,Builder Floor,12,17,19,1,Yes,Yes,1.72,2.14,3.88,104
PROP0922,Sector 57,5,4,Fully-Furnished,3083,2502,Apartment,7,0,18,1,Yes,No,4.74,1.69,2.95,292
PROP0923,DLF Phase 2,1,1,Unfurnished,2573,1846,Apartment,13,1,3,1,Yes,Yes,0.9,1.67,1.39,360
PROP0924,DLF Phase 2,3,3,Unfurnished,1835,1312,Apartment,8,18,19,1,Yes,Yes,3.76,0.99,3.25,256
PROP0925,Sector 45,5,4,Unfurnished,1343,1192,Apartment,9,4,8,1,Yes,Yes,0.4,2.02,3.28,141
PROP0926,Sector 57,1,1,Semi-Furnished,868,658,Apartment,1,15,16,1,Yes,No,0.62,2.24,0.71,82
PROP0927,DLF Phase 3,1,1,Fully-Furnished,626,477,Apartment,1,3,12,1,Yes,No,4.86,2.69,3.05,81
PROP0928,DLF Phase 2,4,3,Semi-Furnished,3103,2451,Studio,18,6,13,1,Yes,Yes,0.95,2.02,2.48,434
PROP0929,South City 1,2,2,Semi-Furnished,2187,1822,Independent House,4,2,22,0,No,Yes,1.88,2.32,2.55,273
PROP0930,South City 2,3,3,Semi-Furnished,2703,1943,Independent House,14,7,22,1,Yes,Yes,1.26,1.31,0.67,310
PROP0931,Sohna Road,4,3,Fully-Furnished,1838,1319,Studio,11,7,8,2,No,No,1.04,1.62,3.12,165
PROP0932,Sector 57,4,3,Semi-Furnished,2268,1967,Apartment,10,11,23,1,Yes,No,4.42,1.25,2.55,215
PROP0933,DLF Phase 2,2,2,Fully-Furnished,1436,1102,Villa,11,3,16,1,Yes,Yes,2.08,2.04,2.43,201
PROP0934,New Gurgaon,2,2,Fully-Furnished,2849,2033,Studio,3,13,19,1,No,Yes,2.94,2.57,3.85,242
PROP0935,MG Road,3,3,Semi-Furnished,2144,1536,Independent House,17,15,18,2,Yes,Yes,3.04,1.71,0.73,310
PROP0936,Palam Vihar,2,2,Semi-Furnished,1319,1125,Villa,15,19,25,2,Yes,Yes,3.25,1.04,1.45,121
PROP0937,Sector 45,3,3,Semi-Furnished,3403,2409,Studio,7,9,16,0,Yes,No,4.55,2.44,1.47,357
PROP0938,Sohna Road,1,1,Unfurnished,1162,847,Studio,3,12,22,2,No,Yes,4.28,0.92,0.67,104
PROP0939,Sector 57,5,4,Semi-Furnished,1091,974,Builder Floor,4,4,24,1,Yes,No,1.2,2.37,1.46,103
PROP0940,South City 1,2,2,Fully-Furnished,3017,2595,Builder Floor,6,5,11,0,No,No,1.23,1.14,3.11,377
PROP0941,Sohna Road,2,2,Semi-Furnished,1226,960,Studio,9,7,12,2,Yes,Yes,1.66,2.17,3.03,110
PROP0942,Sector 67,2,2,Semi-Furnished,819,619,Studio,6,7,10,2,No,No,4.5,1.35,2.89,80
PROP0943,Sector 67,1,1,Semi-Furnished,3232,2804,Apartment,9,1,4,0,Yes,Yes,1.94,0.65,2.76,316
PROP0944,MG Road,4,3,Semi-Furnished,1889,1446,Apartment,5,13,18,1,Yes,Yes,2.19,1.95,1.77,273
PROP0945,Sohna Road,3,3,Semi-Furnished,2724,2027,Studio,9,2,3,1,Yes,Yes,1.5,0.71,3.09,245
PROP0946,Sector 56,2,2,Semi-Furnished,2799,2090,Apartment,6,13,17,2,Yes,Yes,4.91,2.88,3.65,279
PROP0947,MG Road,1,1,Semi-Furnished,3352,2599,Studio,1,1,3,1,Yes,Yes,1.56,1.99,3.32,486
PROP0948,DLF Phase 1,2,2,Semi-Furnished,1422,1187,Apartment,11,13,16,2,Yes,Yes,0.64,2.35,3.08,170
PROP0949,DLF Phase 3,2,2,Semi-Furnished,2910,2161,Studio,20,12,22,1,Yes,Yes,3.41,1.3,3.76,378
PROP0950,Golf Course Road,4,3,Unfurnished,1254,1071,Studio,3,9,17,1,Yes,Yes,3.07,1.52,3.87,200
PROP0951,Palam Vihar,3,3,Fully-Furnished,3400,2752,Independent House,7,0,2,1,Yes,No,3.71,0.89,2.98,312
PROP0952,Sohna Road,3,3,Unfurnished,3443,2747,Builder Floor,5,4,9,2,Yes,Yes,1.9,1.33,3.78,309
PROP0953,New Gurgaon,3,3,Fully-Furnished,768,562,Apartment,10,7,15,1,No,Yes,1.2,0.64,1.08,65
PROP0954,Sector 45,3,3,Unfurnished,1490,1153,Villa,10,3,24,1,Yes,No,4.39,1.47,3.41,156
PROP0955,Sector 45,5,4,Semi-Furnished,3368,2378,Studio,9,9,14,1,Yes,Yes,0.47,0.99,1.76,353
PROP0956,Sector 57,5,4,Fully-Furnished,644,571,Builder Floor,8,0,4,1,Yes,Yes,0.75,0.65,3.48,61
PROP0957,Sohna Road,3,3,Semi-Furnished,3167,2326,Independent House,17,0,1,1,No,Yes,2.79,1.49,3.68,285
PROP0958,DLF Phase 2,1,1,Semi-Furnished,2577,2098,Independent House,3,2,9,1,Yes,Yes,3.2,0.56,2.95,360
PROP0959,Sushant Lok,5,4,Semi-Furnished,2194,1845,Studio,17,4,5,2,No,No,0.6,2.3,2.45,241
PROP0960,DLF Phase 1,4,3,Semi-Furnished,1407,989,Studio,0,1,5,1,Yes,Yes,4.93,0.51,0.74,168
PROP0961,Sushant Lok,1,1,Fully-Furnished,3221,2363,Builder Floor,14,2,3,1,Yes,Yes,4.69,0.97,3.19,354
PROP0962,Sector 57,1,1,Fully-Furnished,3127,2626,Apartment,1,9,12,1,Yes,Yes,3.87,0.51,1.24,297
PROP0963,Sector 45,1,1,Fully-Furnished,1431,1039,Apartment,10,0,2,2,No,Yes,1.98,1.57,3.86,150
PROP0964,DLF Phase 3,3,3,Unfurnished,1025,762,Independent House,1,10,23,2,Yes,No,1.55,1.64,0.69,133
PROP0965,DLF Phase 3,5,4,Unfurnished,3295,2352,Villa,16,3,17,1,No,Yes,2.24,1.84,2.04,428
PROP0966,Sushant Lok,5,4,Unfurnished,993,869,Studio,4,5,8,2,No,Yes,1.07,2.36,2.7,109
PROP0967,DLF Phase 1,4,3,Unfurnished,939,797,Studio,11,11,25,1,Yes,Yes,2.31,2.95,1.25,112
PROP0968,Sohna Road,4,3,Semi-Furnished,2419,2174,Independent House,5,6,10,2,No,Yes,3.05,1.37,1.14,217
PROP0969,MG Road,5,4,Fully-Furnished,1599,1247,Apartment,8,0,20,2,No,Yes,0.21,2.55,2.61,231
PROP0970,South City 2,4,3,Unfurnished,3041,2174,Villa,18,14,17,1,Yes,Yes,3.2,0.83,1.58,349
PROP0971,Golf Course Road,3,3,Fully-Furnished,3464,3075,Independent House,8,0,3,1,Yes,Yes,3.25,0.97,1.38,554
PROP0972,Palam Vihar,3,3,Unfurnished,1566,1253,Studio,18,0,10,2,Yes,Yes,1.29,2.35,2.9,144
PROP0973,DLF Phase 2,4,3,Fully-Furnished,1342,1061,Villa,5,13,24,1,Yes,Yes,0.3,2.52,2.32,187
PROP0974,Sector 57,2,2,Semi-Furnished,625,460,Villa,8,2,17,2,No,Yes,4.02,0.85,2.47,59
PROP0975,DLF Phase 2,2,2,Unfurnished,1383,1216,Studio,8,1,3,2,No,Yes,4.22,0.93,1.21,193
PROP0976,DLF Phase 2,5,4,Unfurnished,1793,1313,Studio,20,0,13,1,No,Yes,3.38,2.55,0.68,251
PROP0977,Palam Vihar,5,4,Semi-Furnished,1404,1106,Apartment,16,3,4,1,No,Yes,2,1.35,3.39,129
PROP0978,Sector 56,2,2,Fully-Furnished,1051,756,Villa,9,8,15,2,Yes,Yes,1.05,1.17,0.82,105
PROP0979,South City 2,5,4,Semi-Furnished,3005,2695,Builder Floor,20,6,8,1,Yes,Yes,3.49,2.3,1.31,345
PROP0980,Sector 45,5,4,Semi-Furnished,3211,2531,Villa,2,4,20,1,No,Yes,4.19,2.23,2.82,337
PROP0981,Sector 57,5,4,Fully-Furnished,1691,1395,Independent House,3,11,13,1,Yes,No,1.23,2.21,2.66,160
PROP0982,New Gurgaon,3,3,Fully-Furnished,2683,1910,Villa,14,1,3,2,Yes,Yes,0.84,0.83,0.79,228
PROP0983,Golf Course Road,3,3,Fully-Furnished,2875,2511,Studio,16,14,15,1,No,No,1.25,2.25,1.61,460
PROP0984,DLF Phase 2,2,2,Semi-Furnished,1724,1265,Independent House,18,7,9,1,Yes,No,0.81,0.8,0.81,241
PROP0985,Golf Course Road,4,3,Fully-Furnished,2577,2233,Villa,0,7,12,1,Yes,Yes,3.51,1.83,2.88,412
PROP0986,Golf Course Road,5,4,Semi-Furnished,3490,3115,Villa,12,19,22,1,Yes,Yes,4.12,1.78,3.47,558
